func,noise,M,lam,cv,test
cos x,равномерный,0,0.0,0.6648069198096342,0.7684962808623231
cos x,равномерный,0,1e-10,0.6648069198096342,0.7684962808623231
cos x,равномерный,0,3.1622776601683795e-10,0.6648069198096342,0.7684962808623231
cos x,равномерный,0,1e-09,0.6648069198096342,0.7684962808623231
cos x,равномерный,0,3.1622776601683795e-09,0.6648069198096342,0.7684962808623231
cos x,равномерный,0,1e-08,0.6648069198096342,0.7684962808623231
cos x,равномерный,0,3.162277660168379e-08,0.6648069198096342,0.7684962808623231
cos x,равномерный,0,1e-07,0.6648069198096342,0.7684962808623231
cos x,равномерный,0,3.162277660168379e-07,0.6648069198096342,0.7684962808623231
cos x,равномерный,0,1e-06,0.6648069198096342,0.7684962808623231
cos x,равномерный,0,3.162277660168379e-06,0.6648069198096342,0.7684962808623231
cos x,равномерный,0,1e-05,0.6648069198096342,0.7684962808623231
cos x,равномерный,0,3.1622776601683795e-05,0.6648069198096342,0.7684962808623231
cos x,равномерный,0,0.0001,0.6648069198096342,0.7684962808623231
cos x,равномерный,0,0.00031622776601683794,0.6648069198096342,0.7684962808623231
cos x,равномерный,0,0.001,0.6648069198096342,0.7684962808623231
cos x,равномерный,0,0.0031622776601683794,0.6648069198096342,0.7684962808623231
cos x,равномерный,0,0.01,0.6648069198096342,0.7684962808623231
cos x,равномерный,0,0.03162277660168379,0.6648069198096342,0.7684962808623231
cos x,равномерный,0,0.1,0.6648069198096342,0.7684962808623231
cos x,равномерный,0,0.31622776601683794,0.6648069198096342,0.7684962808623231
cos x,равномерный,0,1.0,0.6648069198096342,0.7684962808623231
cos x,равномерный,0,3.1622776601683795,0.6648069198096342,0.7684962808623231
cos x,равномерный,0,10.0,0.6648069198096342,0.7684962808623231
cos x,равномерный,0,31.622776601683793,0.6648069198096342,0.7684962808623231
cos x,равномерный,0,100.0,0.6648069198096342,0.7684962808623231
cos x,равномерный,1,0.0,0.6859397612996292,0.8029685149912384
cos x,равномерный,1,1e-10,0.6859397612987882,0.8029685149905433
cos x,равномерный,1,3.1622776601683795e-10,0.68593976129697,0.8029685149890405
cos x,равномерный,1,1e-09,0.68593976129122,0.802968514984288
cos x,равномерный,1,3.1622776601683795e-09,0.6859397612730376,0.802968514969259
cos x,равномерный,1,1e-08,0.6859397612155388,0.8029685149217337
cos x,равномерный,1,3.162277660168379e-08,0.6859397610337122,0.8029685147714452
cos x,равномерный,1,1e-07,0.6859397604587263,0.8029685142961911
cos x,равномерный,1,3.162277660168379e-07,0.6859397586404613,0.8029685127933057
cos x,равномерный,1,1e-06,0.6859397528906035,0.8029685080407662
cos x,равномерный,1,3.162277660168379e-06,0.6859397347079728,0.8029684930119241
cos x,равномерный,1,1e-05,0.6859396772095984,0.8029684454866303
cos x,равномерный,1,3.1622776601683795e-05,0.6859394953853046,0.8029682951992364
cos x,равномерный,1,0.0001,0.6859389204217128,0.8029678199565758
cos x,равномерный,1,0.00031622776601683794,0.6859371023802794,0.8029663171854031
cos x,равномерный,1,0.001,0.6859313547589695,0.8029615657863205
cos x,равномерный,1,0.0031622776601683794,0.6859131944772002,0.8029465483452864
cos x,равномерный,1,0.01,0.6858559191627853,0.8028991369184926
cos x,равномерный,1,0.03162277660168379,0.6856763119273541,0.8027499836513182
cos x,равномерный,1,0.1,0.6851231001910397,0.8022859407554985
cos x,равномерный,1,0.31622776601683794,0.6835102198967465,0.8008908978300247
cos x,равномерный,1,1.0,0.6794952122686457,0.7970995141940067
cos x,равномерный,1,3.1622776601683795,0.6727160686037879,0.789159496242795
cos x,равномерный,1,10.0,0.6670803984322634,0.7791693176100372
cos x,равномерный,1,31.622776601683793,0.665137821295207,0.7725688769881598
cos x,равномерный,1,100.0,0.664826073098994,0.769851880524774
cos x,равномерный,2,0.0,0.4211452708921035,0.2841467180156669
cos x,равномерный,2,1e-10,0.4211452708616429,0.28414671802649977
cos x,равномерный,2,3.1622776601683795e-10,0.4211452707957788,0.28414671804992336
cos x,равномерный,2,1e-09,0.4211452705874984,0.28414671812399533
cos x,равномерный,2,3.1622776601683795e-09,0.42114526992885715,0.2841467183582315
cos x,равномерный,2,1e-08,0.42114526784605105,0.2841467190989514
cos x,равномерный,2,3.162277660168379e-08,0.42114526125964014,0.28414672144131337
cos x,равномерный,2,1e-07,0.4211452404315841,0.2841467288485132
cos x,равномерный,2,3.162277660168379e-07,0.42114517456752576,0.2841467522721439
cos x,равномерный,2,1e-06,0.42114496628747167,0.28414682634425176
cos x,равномерный,2,3.162277660168379e-06,0.421144307651967,0.28414706058165745
cos x,равномерный,2,1e-05,0.4211422249021946,0.28414780131371437
cos x,равномерный,2,3.1622776601683795e-05,0.4211356390548028,0.284150143797561
cos x,равномерный,2,0.0001,0.42111481663302885,0.2841575522158539
cos x,равномерный,2,0.00031622776601683794,0.4210490088995288,0.28418098802630043
cos x,равномерный,2,0.001,0.42084129148305943,0.28425518176305503
cos x,равномерный,2,0.0031622776601683794,0.4201882631801518,0.2844906301711572
cos x,равномерный,2,0.01,0.4181609874771305,0.2852433064718926
cos x,равномерный,2,0.03162277660168379,0.41211177366150914,0.28770013159369784
cos x,равномерный,2,0.1,0.3961535350395323,0.2961041393509423
cos x,равномерный,2,0.31622776601683794,0.36803805603511996,0.3259557374994893
cos x,равномерный,2,1.0,0.38907177582118535,0.4144249128598586
cos x,равномерный,2,3.1622776601683795,0.5080908130418418,0.5616177289714873
cos x,равномерный,2,10.0,0.5974293836798933,0.6803835909044105
cos x,равномерный,2,31.622776601683793,0.6401367843651098,0.7370231334732392
cos x,равномерный,2,100.0,0.6565350521375817,0.7580717997047188
cos x,равномерный,3,0.0,0.5058539259763293,0.284938074405754
cos x,равномерный,3,1e-10,0.5058539258333482,0.28493807441685376
cos x,равномерный,3,3.1622776601683795e-10,0.5058539255241836,0.2849380744408546
cos x,равномерный,3,1e-09,0.5058539245465189,0.28493807451675185
cos x,равномерный,3,3.1622776601683795e-09,0.5058539214548726,0.28493807475676
cos x,равномерный,3,1e-08,0.5058539116782284,0.28493807551573236
cos x,равномерный,3,3.162277660168379e-08,0.5058538807617715,0.28493807791581394
cos x,равномерный,3,1e-07,0.5058537829954229,0.28493808550553906
cos x,равномерный,3,3.162277660168379e-07,0.5058534738318002,0.2849381095063654
cos x,равномерный,3,1e-06,0.5058524961777641,0.2849381854037258
cos x,равномерный,3,3.162277660168379e-06,0.5058494046360498,0.28493842541308506
cos x,равномерный,3,1e-05,0.5058396290407161,0.28493918439764226
cos x,равномерный,3,3.1622776601683795e-05,0.5058087230717027,0.28494158460076674
cos x,равномерный,3,0.0001,0.5057110615325662,0.28494917554147925
cos x,равномерный,3,0.00031622776601683794,0.5054029438674734,0.2849731885187015
cos x,равномерный,3,0.001,0.5044356823314408,0.28504920721413424
cos x,равномерный,3,0.0031622776601683794,0.501445998102847,0.2852904244637432
cos x,равномерный,3,0.01,0.4926285245161389,0.28606131689906517
cos x,равномерный,3,0.03162277660168379,0.46977954947389533,0.288575351871158
cos x,равномерный,3,0.1,0.42543781780922474,0.2971537018273459
cos x,равномерный,3,0.31622776601683794,0.37382561424546984,0.32747434450179974
cos x,равномерный,3,1.0,0.39714811633293917,0.4169478641969426
cos x,равномерный,3,3.1622776601683795,0.5142020018621191,0.5655623573584372
cos x,равномерный,3,10.0,0.5992124669879773,0.6841315774500376
cos x,равномерный,3,31.622776601683793,0.6401839269899583,0.7389069333832615
cos x,равномерный,3,100.0,0.6564111311898204,0.7587446384542635
cos x,равномерный,4,0.0,0.23289457231000937,0.18860675357663284
cos x,равномерный,4,1e-10,0.2328945738206844,0.18860675354498313
cos x,равномерный,4,3.1622776601683795e-10,0.23289457708718825,0.18860675347654768
cos x,равномерный,4,1e-09,0.23289458741677702,0.18860675326013643
cos x,равномерный,4,3.1622776601683795e-09,0.2328946200818013,0.18860675257578396
cos x,равномерный,4,1e-08,0.23289472337762795,0.188606750411674
cos x,равномерный,4,3.162277660168379e-08,0.2328950500271964,0.18860674356818316
cos x,равномерный,4,1e-07,0.2328960829786973,0.18860672192742403
cos x,равномерный,4,3.162277660168379e-07,0.23289934940685666,0.18860665349592726
cos x,равномерный,4,1e-06,0.232909678246562,0.18860643712245564
cos x,равномерный,4,3.162277660168379e-06,0.23294233577388884,0.18860575314866326
cos x,равномерный,4,1e-05,0.2330455565964736,0.18860359282515632
cos x,равномерный,4,3.1622776601683795e-05,0.2333714551331707,0.1885967871821301
cos x,равномерный,4,0.0001,0.23439686701959336,0.1885755243527783
cos x,равномерный,4,0.00031622776601683794,0.23758718719295432,0.18851085485378655
cos x,равномерный,4,0.001,0.24714800681450083,0.18833155966318976
cos x,равномерный,4,0.0031622776601683794,0.27256031805683395,0.18800177035260796
cos x,равномерный,4,0.01,0.32235317759409066,0.18890966885126853
cos x,равномерный,4,0.03162277660168379,0.3815231383054697,0.2021052070676304
cos x,равномерный,4,0.1,0.4226729031917884,0.25225487049506434
cos x,равномерный,4,0.31622776601683794,0.42374260417261284,0.32723451156557953
cos x,равномерный,4,1.0,0.40596650593370043,0.4081650509505017
cos x,равномерный,4,3.1622776601683795,0.47868828752382325,0.5217088867542168
cos x,равномерный,4,10.0,0.5722240680244488,0.6444182165256318
cos x,равномерный,4,31.622776601683793,0.6278733103110185,0.7199027080934287
cos x,равномерный,4,100.0,0.6519507253623928,0.751769163398062
cos x,равномерный,5,0.0,0.2298687106922709,0.18903226829669448
cos x,равномерный,5,1e-10,0.22986870112543648,0.18903226825642802
cos x,равномерный,5,3.1622776601683795e-10,0.229868680439266,0.1890322681693603
cos x,равномерный,5,1e-09,0.22986861502390807,0.18903226789402874
cos x,равномерный,5,3.1622776601683795e-09,0.22986840816300913,0.18903226702335413
cos x,равномерный,5,1e-08,0.22986775401729287,0.18903226427004205
cos x,равномерный,5,3.162277660168379e-08,0.2298656854863105,0.1890322555633352
cos x,равномерный,5,1e-07,0.2298591448105693,0.18903222803061845
cos x,равномерный,5,3.162277660168379e-07,0.22983846731343274,0.1890321409675967
cos x,равномерный,5,1e-06,0.2297731386750456,0.1890318656808803
cos x,равномерный,5,3.162277660168379e-06,0.22956714463194375,0.1890309954551428
cos x,равномерный,5,1e-05,0.2289216595692131,0.189028246631814
cos x,равномерный,5,3.1622776601683795e-05,0.2269395131411759,0.189019584782256
cos x,равномерный,5,0.0001,0.22125880926786629,0.18899249966524528
cos x,равномерный,5,0.00031622776601683794,0.20929961293106786,0.18890988227308195
cos x,равномерный,5,0.001,0.2189737577327298,0.18867812521754027
cos x,равномерный,5,0.0031622776601683794,0.2771282320354481,0.18821670227962495
cos x,равномерный,5,0.01,0.3488095765782206,0.18889848372773632
cos x,равномерный,5,0.03162277660168379,0.41129977235587206,0.2019139733778736
cos x,равномерный,5,0.1,0.442442756443097,0.2520475193080998
cos x,равномерный,5,0.31622776601683794,0.4278790793623699,0.3271295109514019
cos x,равномерный,5,1.0,0.40967154001029354,0.4083737809974451
cos x,равномерный,5,3.1622776601683795,0.4848698703306097,0.5226512559132956
cos x,равномерный,5,10.0,0.5740068763495003,0.6459334890335745
cos x,равномерный,5,31.622776601683793,0.6279566098939744,0.7208824165608748
cos x,равномерный,5,100.0,0.6518458549925971,0.752147618981011
cos x,равномерный,6,0.0,1.4900597949394878,0.1903256123171748
cos x,равномерный,6,1e-10,1.4900593009078567,0.19032561173343396
cos x,равномерный,6,3.1622776601683795e-10,1.4900582326751166,0.19032561047122504
cos x,равномерный,6,1e-09,1.4900548546374555,0.1903256064797848
cos x,равномерный,6,3.1622776601683795e-09,1.4900441724573776,0.19032559385777975
cos x,равномерный,6,1e-08,1.4900103935591975,0.1903255539438896
cos x,равномерный,6,3.162277660168379e-08,1.489903586529493,0.19032542772909408
cos x,равномерный,6,1e-07,1.4895659452405539,0.19032502864294634
cos x,равномерный,6,3.162277660168379e-07,1.4884993504405748,0.19032376702239467
cos x,равномерный,6,1e-06,1.485137649300259,0.1903197814319237
cos x,равномерный,6,3.162277660168379e-06,1.4746174656266726,0.1903072178454315
cos x,равномерный,6,1e-05,1.4424166965199294,0.19026788526333738
cos x,равномерный,6,3.1622776601683795e-05,1.3501932078774812,0.19014739340655315
cos x,равномерный,6,0.0001,1.1297878648595199,0.1898028253068119
cos x,равномерный,6,0.00031622776601683794,0.775593597912108,0.18901268944726038
cos x,равномерный,6,0.001,0.4708622818038398,0.1882140952548512
cos x,равномерный,6,0.0031622776601683794,0.3495004247508337,0.18952629653737435
cos x,равномерный,6,0.01,0.35298037587386266,0.19217409659796786
cos x,равномерный,6,0.03162277660168379,0.3972978616173812,0.19683668942485097
cos x,равномерный,6,0.1,0.4305201030726762,0.22772851336542868
cos x,равномерный,6,0.31622776601683794,0.43889878436736146,0.3107664797563958
cos x,равномерный,6,1.0,0.4274764155979002,0.41045993107200895
cos x,равномерный,6,3.1622776601683795,0.47651278744696385,0.5158120259257968
cos x,равномерный,6,10.0,0.5624095689978722,0.6297041011737918
cos x,равномерный,6,31.622776601683793,0.621371447176236,0.7103622667778611
cos x,равномерный,6,100.0,0.6492486168355521,0.7478460511942729
cos x,равномерный,7,0.0,0.5387133251937547,0.23603226292897148
cos x,равномерный,7,1e-10,0.5387143050996164,0.23603222118769848
cos x,равномерный,7,3.1622776601683795e-10,0.5387164241002418,0.23603213093164363
cos x,равномерный,7,1e-09,0.5387231265497986,0.23603184551937148
cos x,равномерный,7,3.1622776601683795e-09,0.5387443373278924,0.23603094298227126
cos x,равномерный,7,1e-08,0.5388115691530893,0.23602808907311876
cos x,равномерный,7,3.162277660168379e-08,0.5390257412122794,0.23601906585739676
cos x,равномерный,7,1e-07,0.5397184189374749,0.23599054830756283
cos x,равномерный,7,3.162277660168379e-07,0.5420549821996727,0.2359005312573215
cos x,равномерный,7,1e-06,0.5506739212288014,0.23561749734959317
cos x,равномерный,7,3.162277660168379e-06,0.5847106742226524,0.23473844750992903
cos x,равномерный,7,1e-05,0.6891020967536332,0.23211039466063915
cos x,равномерный,7,3.1622776601683795e-05,0.8289128596428836,0.22509692305843376
cos x,равномерный,7,0.0001,0.8085372534150258,0.21127930006635007
cos x,равномерный,7,0.00031622776601683794,0.571772423418014,0.19692312397130676
cos x,равномерный,7,0.001,0.3417683561829124,0.19140679462741741
cos x,равномерный,7,0.0031622776601683794,0.27399084986297234,0.19250035436407442
cos x,равномерный,7,0.01,0.32911938765265203,0.19460539074016936
cos x,равномерный,7,0.03162277660168379,0.4053432969832018,0.19730716275554971
cos x,равномерный,7,0.1,0.4413630207253069,0.22732609647621177
cos x,равномерный,7,0.31622776601683794,0.44083732358431654,0.3107734857748421
cos x,равномерный,7,1.0,0.42991982340708035,0.41046074344862193
cos x,равномерный,7,3.1622776601683795,0.48213343505977424,0.515902649588128
cos x,равномерный,7,10.0,0.5640582426913341,0.6302442090346072
cos x,равномерный,7,31.622776601683793,0.6214860329758043,0.7108707513809863
cos x,равномерный,7,100.0,0.6491733111935061,0.748066481870204
cos x,равномерный,8,0.0,2.298079171759525,0.610583790281572
cos x,равномерный,8,1e-10,2.2978606561351453,0.6105824063445734
cos x,равномерный,8,3.1622776601683795e-10,2.29738828156479,0.6105794139234156
cos x,равномерный,8,1e-09,2.2958955531458094,0.6105699512959621
cos x,равномерный,8,3.1622776601683795e-09,2.291185620003737,0.6105400303592468
cos x,равномерный,8,1e-08,2.2763955926247568,0.6104454371699591
cos x,равномерный,8,3.162277660168379e-08,2.2306418546408313,0.6101465582186917
cos x,равномерный,8,1e-07,2.095403062714833,0.6092039226770048
cos x,равномерный,8,3.162277660168379e-07,1.7440347624682062,0.6062478531633728
cos x,равномерный,8,1e-06,1.073059698410869,0.5971411988693549
cos x,равномерный,8,3.162277660168379e-06,0.4565164621025876,0.5705588889185175
cos x,равномерный,8,1e-05,0.8386047860175119,0.50380836868591
cos x,равномерный,8,3.1622776601683795e-05,1.2072354338402194,0.3852832401651307
cos x,равномерный,8,0.0001,1.3019215166827598,0.2667595992832752
cos x,равномерный,8,0.00031622776601683794,1.0611545305645447,0.20674030247053185
cos x,равномерный,8,0.001,0.6677650686193627,0.1923149943589092
cos x,равномерный,8,0.0031622776601683794,0.4225922677196097,0.1926199271613812
cos x,равномерный,8,0.01,0.3780664952467922,0.19825338694766698
cos x,равномерный,8,0.03162277660168379,0.414726022140859,0.20269427485141367
cos x,равномерный,8,0.1,0.4389459630272838,0.22068522221392595
cos x,равномерный,8,0.31622776601683794,0.44278048223137756,0.2961076030703525
cos x,равномерный,8,1.0,0.44016832701236536,0.40850560545060466
cos x,равномерный,8,3.1622776601683795,0.48080976486279675,0.5163264416690401
cos x,равномерный,8,10.0,0.558615946994864,0.6232981323020986
cos x,равномерный,8,31.622776601683793,0.6176603992208337,0.7045756362261246
cos x,равномерный,8,100.0,0.647531458196237,0.74519116396222
cos x,равномерный,9,0.0,0.6426997416959621,0.27157236187797695
cos x,равномерный,9,1e-10,0.6434108252579426,0.27157424565159427
cos x,равномерный,9,3.1622776601683795e-10,0.6449450006957836,0.27157831909168745
cos x,равномерный,9,1e-09,0.6497661696380257,0.2715912024573271
cos x,равномерный,9,3.1622776601683795e-09,0.6647137566703573,0.27163196305868886
cos x,равномерный,9,1e-08,0.7091494044222731,0.27176105604732764
cos x,равномерный,9,3.162277660168379e-08,0.8255278045670057,0.2721711963633733
cos x,равномерный,9,1e-07,1.0398792725811024,0.27348565055242413
cos x,равномерный,9,3.162277660168379e-07,1.1822624859878652,0.2777705524765139
cos x,равномерный,9,1e-06,0.9587529545785577,0.29156578476778755
cos x,равномерный,9,3.162277660168379e-06,0.5479200106214555,0.32611428012715277
cos x,равномерный,9,1e-05,0.5809210229932991,0.3593523762229625
cos x,равномерный,9,3.1622776601683795e-05,0.8550219504645178,0.32805522820056365
cos x,равномерный,9,0.0001,0.9967294732428706,0.25901753512737075
cos x,равномерный,9,0.00031622776601683794,0.8418020204157802,0.2159521561841849
cos x,равномерный,9,0.001,0.5252934533259838,0.19950149485180765
cos x,равномерный,9,0.0031622776601683794,0.3427800719687041,0.19764592849235268
cos x,равномерный,9,0.01,0.3338435243536547,0.20289679265360647
cos x,равномерный,9,0.03162277660168379,0.40662197371336317,0.20520001237031468
cos x,равномерный,9,0.1,0.44275702476475426,0.22042685219375835
cos x,равномерный,9,0.31622776601683794,0.44366565388927875,0.2963782694252279
cos x,равномерный,9,1.0,0.4423605520021578,0.4088999169816737
cos x,равномерный,9,3.1622776601683795,0.48550665144115746,0.5163465220471793
cos x,равномерный,9,10.0,0.5600156152258906,0.6234458809944912
cos x,равномерный,9,31.622776601683793,0.6177783023629341,0.7048387184642315
cos x,равномерный,9,100.0,0.6474788318357898,0.7453246694531567
cos x,равномерный,10,0.0,2.9949417144575015,0.34720119241902303
cos x,равномерный,10,1e-10,2.9463842474067,0.3472208833604745
cos x,равномерный,10,3.1622776601683795e-10,2.844661443298212,0.34726343860516173
cos x,равномерный,10,1e-09,2.549676183071339,0.347397814493511
cos x,равномерный,10,3.1622776601683795e-09,1.8201465967779953,0.3478208002766521
cos x,равномерный,10,1e-08,0.5476221592843651,0.34913927186235505
cos x,равномерный,10,3.162277660168379e-08,1.200323189322798,0.3531278926093532
cos x,равномерный,10,1e-07,2.0405177541040747,0.36421589775714536
cos x,равномерный,10,3.162277660168379e-07,2.412546760725061,0.3896534471420889
cos x,равномерный,10,1e-06,2.151673298699974,0.4346225302151785
cos x,равномерный,10,3.162277660168379e-06,1.2343316664292487,0.5006478630229042
cos x,равномерный,10,1e-05,0.4988780366301676,0.5622726355076176
cos x,равномерный,10,3.1622776601683795e-05,1.0314380510386354,0.5467784863087137
cos x,равномерный,10,0.0001,1.318843042843631,0.4235932236200316
cos x,равномерный,10,0.00031622776601683794,1.1910675694630404,0.2796305338033688
cos x,равномерный,10,0.001,0.7928513226750262,0.21237906032459147
cos x,равномерный,10,0.0031622776601683794,0.4852685434455134,0.20048665387235245
cos x,равномерный,10,0.01,0.3972271815380205,0.20608084519283962
cos x,равномерный,10,0.03162277660168379,0.42475698205251317,0.21202836554542723
cos x,равномерный,10,0.1,0.444853158144337,0.22147622780172366
cos x,равномерный,10,0.31622776601683794,0.443967893221766,0.28639367965240653
cos x,равномерный,10,1.0,0.4481043149617937,0.40490788707772346
cos x,равномерный,10,3.1622776601683795,0.4862243973204695,0.5178203985753411
cos x,равномерный,10,10.0,0.5574229204614978,0.6205114306818277
cos x,равномерный,10,31.622776601683793,0.6154566927769876,0.7008489183310018
cos x,равномерный,10,100.0,0.6463867107592798,0.7432824942324947
cos x,равномерный,11,0.0,29.435365995383695,0.394180790978731
cos x,равномерный,11,1e-10,27.676946592233644,0.39364862033464537
cos x,равномерный,11,3.1622776601683795e-10,24.49321903716617,0.39251216979696085
cos x,равномерный,11,1e-09,17.89622048980636,0.38904218490897124
cos x,равномерный,11,3.1622776601683795e-09,9.636890641762715,0.3791840426666105
cos x,равномерный,11,1e-08,4.328584255316647,0.356260926409913
cos x,равномерный,11,3.162277660168379e-08,2.532648222782181,0.3225596683747257
cos x,равномерный,11,1e-07,2.1606774282516046,0.30023224832711637
cos x,равномерный,11,3.162277660168379e-07,2.0728238794606675,0.300516055179422
cos x,равномерный,11,1e-06,1.7938802895368293,0.31752681083336504
cos x,равномерный,11,3.162277660168379e-06,1.1068990508775474,0.34698538423682296
cos x,равномерный,11,1e-05,0.5154021863137931,0.39209549950105027
cos x,равномерный,11,3.1622776601683795e-05,0.844411825039374,0.4177779849194757
cos x,равномерный,11,0.0001,1.097448679957993,0.3560586498369324
cos x,равномерный,11,0.00031622776601683794,1.006691922202997,0.2562065324306786
cos x,равномерный,11,0.001,0.6726450819138787,0.20980569559420179
cos x,равномерный,11,0.0031622776601683794,0.4249938789785711,0.2032505337954555
cos x,равномерный,11,0.01,0.3591087708830432,0.21064893232568718
cos x,равномерный,11,0.03162277660168379,0.41119084164705644,0.21574180606712695
cos x,равномерный,11,0.1,0.44484893834984396,0.22175462506881982
cos x,равномерный,11,0.31622776601683794,0.4445026437741445,0.2867544969378488
cos x,равномерный,11,1.0,0.4501813693716549,0.4057137084139578
cos x,равномерный,11,3.1622776601683795,0.48995591227453356,0.518001632105519
cos x,равномерный,11,10.0,0.5585439383237731,0.6205260327363517
cos x,равномерный,11,31.622776601683793,0.6155616014460623,0.7009850329115217
cos x,равномерный,11,100.0,0.6463492824356616,0.7433673909464449
cos x,равномерный,12,0.0,238.32432033634572,0.7595805566104673
cos x,равномерный,12,1e-10,118.28298494725531,0.731065718196026
cos x,равномерный,12,3.1622776601683795e-10,61.692984187687294,0.6760011094480314
cos x,равномерный,12,1e-09,27.68486946350979,0.5463175336913473
cos x,равномерный,12,3.1622776601683795e-09,10.23869491702959,0.35824001964063723
cos x,равномерный,12,1e-08,2.746222996604915,0.2709555250643208
cos x,равномерный,12,3.162277660168379e-08,1.3259698950525147,0.27571967635047845
cos x,равномерный,12,1e-07,2.205579049538636,0.279238529309391
cos x,равномерный,12,3.162277660168379e-07,2.9269132085793594,0.294762212973314
cos x,равномерный,12,1e-06,2.863237669779651,0.3512272646052801
cos x,равномерный,12,3.162277660168379e-06,1.9571886714180962,0.4498128987169485
cos x,равномерный,12,1e-05,0.6900870895895829,0.5499996682403852
cos x,равномерный,12,3.1622776601683795e-05,0.895178210742906,0.6049053267654253
cos x,равномерный,12,0.0001,1.3099506441534445,0.5428057766269672
cos x,равномерный,12,0.00031622776601683794,1.253675375020491,0.3754493471236713
cos x,равномерный,12,0.001,0.8723112032815434,0.24662813214649024
cos x,равномерный,12,0.0031622776601683794,0.540071525068555,0.21201031556308045
cos x,равномерный,12,0.01,0.4187046844881456,0.21529306139804505
cos x,равномерный,12,0.03162277660168379,0.4312244168991512,0.22259470440218135
cos x,равномерный,12,0.1,0.44845854130903895,0.22592302025250643
cos x,равномерный,12,0.31622776601683794,0.44457457613322776,0.28052907740955024
cos x,равномерный,12,1.0,0.4535937381600853,0.40124092784246973
cos x,равномерный,12,3.1622776601683795,0.49122757875507955,0.5192252452260637
cos x,равномерный,12,10.0,0.5574066381981049,0.6194511238815444
cos x,равномерный,12,31.622776601683793,0.6141323544251122,0.6983576226218445
cos x,равномерный,12,100.0,0.6456000338646086,0.7418531666287395
cos x,равномерный,13,0.0,137.89460582189852,5.101036441011628
cos x,равномерный,13,1e-10,123.29125535481027,3.873637001678048
cos x,равномерный,13,3.1622776601683795e-10,72.65033537584506,2.5962967010518705
cos x,равномерный,13,1e-09,41.803348825640704,1.3304826387466864
cos x,равномерный,13,3.1622776601683795e-09,23.82177881722752,0.5496520507828003
cos x,равномерный,13,1e-08,11.649501142655385,0.27707085986949237
cos x,равномерный,13,3.162277660168379e-08,5.489922810570385,0.28044685455769064
cos x,равномерный,13,1e-07,3.698294020519185,0.2781712619505759
cos x,равномерный,13,3.162277660168379e-07,3.213552147268287,0.27523518462427604
cos x,равномерный,13,1e-06,2.6403777677939337,0.2968025106681252
cos x,равномерный,13,3.162277660168379e-06,1.6886463647324148,0.3552542086727013
cos x,равномерный,13,1e-05,0.6367458522985376,0.4252416771244072
cos x,равномерный,13,3.1622776601683795e-05,0.82301287242471,0.4778377668241055
cos x,равномерный,13,0.0001,1.170632386102464,0.4495779468248924
cos x,равномерный,13,0.00031622776601683794,1.1189519796109775,0.32420829842837456
cos x,равномерный,13,0.001,0.7853544904854375,0.22792472031690603
cos x,равномерный,13,0.0031622776601683794,0.5033234325595112,0.20868365927392168
cos x,равномерный,13,0.01,0.39432763322134556,0.21775100606084904
cos x,равномерный,13,0.03162277660168379,0.418410257812865,0.22633598212269174
cos x,равномерный,13,0.1,0.4469823806928602,0.22669196420493368
cos x,равномерный,13,0.31622776601683794,0.4450282984346051,0.2808672021263786
cos x,равномерный,13,1.0,0.45549418038357636,0.4023079546239158
cos x,равномерный,13,3.1622776601683795,0.4941106633049503,0.5195861375757372
cos x,равномерный,13,10.0,0.5582724243245816,0.6194379593710309
cos x,равномерный,13,31.622776601683793,0.6142194662821995,0.6984278085412982
cos x,равномерный,13,100.0,0.6455728346358343,0.7419102335244263
cos x,равномерный,14,0.0,1717.345871410692,10.304725610092637
cos x,равномерный,14,1e-10,248.28250701739407,5.396055335871285
cos x,равномерный,14,3.1622776601683795e-10,153.8721369542712,3.4246982754692197
cos x,равномерный,14,1e-09,75.22991920027137,1.947324568706825
cos x,равномерный,14,3.1622776601683795e-09,32.099565338685906,1.1005638686619486
cos x,равномерный,14,1e-08,11.638019194796522,0.6111967755550471
cos x,равномерный,14,3.162277660168379e-08,3.7972494946970157,0.3535972061300556
cos x,равномерный,14,1e-07,2.683212648485884,0.2881835960235195
cos x,равномерный,14,3.162277660168379e-07,3.3528684216847475,0.2743665659320969
cos x,равномерный,14,1e-06,3.3462781419529177,0.27892350361791796
cos x,равномерный,14,3.162277660168379e-06,2.401608645599777,0.3813481215849622
cos x,равномерный,14,1e-05,0.9499014697915664,0.5329526889441177
cos x,равномерный,14,3.1622776601683795e-05,0.8049852408633441,0.6334823143593786
cos x,равномерный,14,0.0001,1.3108533964584783,0.6196430977657336
cos x,равномерный,14,0.00031622776601683794,1.2961624318751306,0.4625885212463483
cos x,равномерный,14,0.001,0.9330403494776025,0.28829339610383975
cos x,равномерный,14,0.0031622776601683794,0.5928040336249735,0.22484560405536652
cos x,равномерный,14,0.01,0.4447343046596538,0.22471571983744804
cos x,равномерный,14,0.03162277660168379,0.4372914775400652,0.23330680287778485
cos x,равномерный,14,0.1,0.4508012097592454,0.23206293116573415
cos x,равномерный,14,0.31622776601683794,0.4450715104606345,0.2772101514517837
cos x,равномерный,14,1.0,0.4576465546782519,0.3980333318887761
cos x,равномерный,14,3.1622776601683795,0.49545259860710295,0.5203798235231016
cos x,равномерный,14,10.0,0.5579228402729501,0.6192635904223879
cos x,равномерный,14,31.622776601683793,0.6133489238353313,0.6966561835913869
cos x,равномерный,14,100.0,0.6450490076962159,0.7407523084511164
cos x,равномерный,15,0.0,15314.604097286714,54.16386988589863
cos x,равномерный,15,1e-10,223.5053097869803,9.079722691763076
cos x,равномерный,15,3.1622776601683795e-10,147.33141061291857,6.599041263576233
cos x,равномерный,15,1e-09,79.10915117094433,4.275407714175317
cos x,равномерный,15,3.1622776601683795e-09,40.19761323401543,2.206321230193392
cos x,равномерный,15,1e-08,19.37688659669569,0.9435845362300784
cos x,равномерный,15,3.162277660168379e-08,8.768798371216864,0.40051150747008435
cos x,равномерный,15,1e-07,5.091766209203394,0.2841203096156014
cos x,равномерный,15,3.162277660168379e-07,4.179134327684308,0.27545476422240145
cos x,равномерный,15,1e-06,3.3610918443649958,0.27364197588533645
cos x,равномерный,15,3.162277660168379e-06,2.1424065026300765,0.33097537175957203
cos x,равномерный,15,1e-05,0.8001683292319264,0.4458391712875398
cos x,равномерный,15,3.1622776601683795e-05,0.7928563976222458,0.5302862647229393
cos x,равномерный,15,0.0001,1.231698012715186,0.527630543637226
cos x,равномерный,15,0.00031622776601683794,1.2078278564430769,0.399597851108335
cos x,равномерный,15,0.001,0.8783323642174665,0.25700185317507107
cos x,равномерный,15,0.0031622776601683794,0.5759936315094502,0.21504970869310247
cos x,равномерный,15,0.01,0.4328696801723465,0.22419369348136703
cos x,равномерный,15,0.03162277660168379,0.42746308490266677,0.23633099926403134
cos x,равномерный,15,0.1,0.44905281462408536,0.23310044883507836
cos x,равномерный,15,0.31622776601683794,0.4455178511073865,0.27748349998923216
cos x,равномерный,15,1.0,0.4593160009719668,0.3992142431796557
cos x,равномерный,15,3.1622776601683795,0.4976493365790205,0.5208739350888489
cos x,равномерный,15,10.0,0.5585775042333754,0.6192596976845712
cos x,равномерный,15,31.622776601683793,0.6134195207025883,0.6966917579570292
cos x,равномерный,15,100.0,0.6450291270728493,0.7407929917428426
cos x,нормальный,0,0.0,0.7300513921635327,0.7815102109935077
cos x,нормальный,0,1e-10,0.7300513921635327,0.7815102109935077
cos x,нормальный,0,3.1622776601683795e-10,0.7300513921635327,0.7815102109935077
cos x,нормальный,0,1e-09,0.7300513921635327,0.7815102109935077
cos x,нормальный,0,3.1622776601683795e-09,0.7300513921635327,0.7815102109935077
cos x,нормальный,0,1e-08,0.7300513921635327,0.7815102109935077
cos x,нормальный,0,3.162277660168379e-08,0.7300513921635327,0.7815102109935077
cos x,нормальный,0,1e-07,0.7300513921635327,0.7815102109935077
cos x,нормальный,0,3.162277660168379e-07,0.7300513921635327,0.7815102109935077
cos x,нормальный,0,1e-06,0.7300513921635327,0.7815102109935077
cos x,нормальный,0,3.162277660168379e-06,0.7300513921635327,0.7815102109935077
cos x,нормальный,0,1e-05,0.7300513921635327,0.7815102109935077
cos x,нормальный,0,3.1622776601683795e-05,0.7300513921635327,0.7815102109935077
cos x,нормальный,0,0.0001,0.7300513921635327,0.7815102109935077
cos x,нормальный,0,0.00031622776601683794,0.7300513921635327,0.7815102109935077
cos x,нормальный,0,0.001,0.7300513921635327,0.7815102109935077
cos x,нормальный,0,0.0031622776601683794,0.7300513921635327,0.7815102109935077
cos x,нормальный,0,0.01,0.7300513921635327,0.7815102109935077
cos x,нормальный,0,0.03162277660168379,0.7300513921635327,0.7815102109935077
cos x,нормальный,0,0.1,0.7300513921635327,0.7815102109935077
cos x,нормальный,0,0.31622776601683794,0.7300513921635327,0.7815102109935077
cos x,нормальный,0,1.0,0.7300513921635327,0.7815102109935077
cos x,нормальный,0,3.1622776601683795,0.7300513921635327,0.7815102109935077
cos x,нормальный,0,10.0,0.7300513921635327,0.7815102109935077
cos x,нормальный,0,31.622776601683793,0.7300513921635327,0.7815102109935077
cos x,нормальный,0,100.0,0.7300513921635327,0.7815102109935077
cos x,нормальный,1,0.0,0.7328291653028626,0.8343405984018262
cos x,нормальный,1,1e-10,0.7328291653022342,0.8343405984007215
cos x,нормальный,1,3.1622776601683795e-10,0.7328291653008756,0.834340598398333
cos x,нормальный,1,1e-09,0.7328291652965788,0.8343405983907797
cos x,нормальный,1,3.1622776601683795e-09,0.7328291652829914,0.8343405983668943
cos x,нормальный,1,1e-08,0.732829165240024,0.8343405982913619
cos x,нормальный,1,3.162277660168379e-08,0.7328291651041495,0.8343405980525072
cos x,нормальный,1,1e-07,0.7328291646744768,0.8343405972971826
cos x,нормальный,1,3.162277660168379e-07,0.7328291633157324,0.8343405949086365
cos x,нормальный,1,1e-06,0.7328291590190066,0.8343405873553921
cos x,нормальный,1,3.162277660168379e-06,0.7328291454315814,0.8343405634699483
cos x,нормальный,1,1e-05,0.732829102464515,0.8343404879376688
cos x,нормальный,1,3.1622776601683795e-05,0.7328289665921709,0.8343402490848851
cos x,нормальный,1,0.0001,0.7328285369405915,0.834339493778626
cos x,нормальный,1,0.00031622776601683794,0.732827178407979,0.8343371054161403
cos x,нормальный,1,0.001,0.7328228838000285,0.8343295540068322
cos x,нормальный,1,0.0031622776601683794,0.7328093175381625,0.8343056869075031
cos x,нормальный,1,0.01,0.7327665616538868,0.8342303378394468
cos x,нормальный,1,0.03162277660168379,0.7326327869484099,0.8339933098493195
cos x,нормальный,1,0.1,0.732223673793462,0.833256023482266
cos x,нормальный,1,0.31622776601683794,0.7310576536834613,0.831040978063403
cos x,нормальный,1,1.0,0.7283598991353133,0.8250336245285543
cos x,нормальный,1,3.1622776601683795,0.7248334761570276,0.8125359458469745
cos x,нормальный,1,10.0,0.7243907761234164,0.7970961279581277
cos x,нормальный,1,31.622776601683793,0.726886440906599,0.7872583052521631
cos x,нормальный,1,100.0,0.7288101847930476,0.7833805256958111
cos x,нормальный,2,0.0,0.2874645969036481,0.28092161152846457
cos x,нормальный,2,1e-10,0.28746459687679665,0.2809216115327689
cos x,нормальный,2,3.1622776601683795e-10,0.28746459681873615,0.28092161154207596
cos x,нормальный,2,1e-09,0.28746459663513313,0.2809216115715076
cos x,нормальный,2,3.1622776601683795e-09,0.28746459605452906,0.2809216116645784
cos x,нормальный,2,1e-08,0.28746459421849774,0.2809216119588945
cos x,нормальный,2,3.162277660168379e-08,0.28746458841245726,0.2809216128896034
cos x,нормальный,2,1e-07,0.28746457005214976,0.28092161583276515
cos x,нормальный,2,3.162277660168379e-07,0.287464511991802,0.28092162513987484
cos x,нормальный,2,1e-06,0.2874643283892936,0.2809216545716903
cos x,нормальный,2,3.162277660168379e-06,0.28746374779149475,0.2809217476447674
cos x,нормальный,2,1e-05,0.2874619118231661,0.2809220419827235
cos x,нормальный,2,3.1622776601683795e-05,0.28745610641272135,0.2809229729114989
cos x,нормальный,2,0.0001,0.28743775240433694,0.28092591827089886
cos x,нормальный,2,0.00031622776601683794,0.2873797550319368,0.28093524735039027
cos x,нормальный,2,0.001,0.28719678173253615,0.2809648986516649
cos x,нормальный,2,0.0031622776601683794,0.28662245901323374,0.2810601598860992
cos x,нормальный,2,0.01,0.28484871456223854,0.2813761686116982
cos x,нормальный,2,0.03162277660168379,0.27964996573289097,0.28251724823460594
cos x,нормальный,2,0.1,0.26697513443011595,0.2873680109194508
cos x,нормальный,2,0.31622776601683794,0.2627888835896405,0.3106697372091614
cos x,нормальный,2,1.0,0.3758016513107302,0.39758870959660014
cos x,нормальный,2,3.1622776601683795,0.5320240756471224,0.5555560105102777
cos x,нормальный,2,10.0,0.6430475038444161,0.6848783515484719
cos x,нормальный,2,31.622776601683793,0.6976763709761802,0.7467291069931685
cos x,нормальный,2,100.0,0.7191188121119702,0.7699242099821706
cos x,нормальный,3,0.0,0.35626786627484186,0.28305657197079204
cos x,нормальный,3,1e-10,0.356267866151295,0.28305657197529827
cos x,нормальный,3,3.1622776601683795e-10,0.3562678658841527,0.2830565719850418
cos x,нормальный,3,1e-09,0.3562678650393747,0.28305657201585377
cos x,нормальный,3,3.1622776601683795e-09,0.35626786236795194,0.28305657211328966
cos x,нормальный,3,1e-08,0.35626785392017124,0.283056572421409
cos x,нормальный,3,3.162277660168379e-08,0.35626782720594996,0.28305657339576845
cos x,нормальный,3,1e-07,0.35626774272822576,0.2830565764769647
cos x,нормальный,3,3.162277660168379e-07,0.3562674755868251,0.283056586220578
cos x,нормальный,3,1e-06,0.3562666308177332,0.28305661703274115
cos x,нормальный,3,3.162277660168379e-06,0.35626395948520695,0.28305671447087877
cos x,нормальный,3,1e-05,0.35625551260899824,0.28305702261255217
cos x,нормальный,3,3.1622776601683795e-05,0.35622880742906454,0.2830579971943508
cos x,нормальный,3,0.0001,0.3561444200639422,0.2830610806150867
cos x,нормальный,3,0.00031622776601683794,0.35587818045749386,0.28307084646620206
cos x,нормальный,3,0.001,0.35504237300682007,0.28310188078732557
cos x,нормальный,3,0.0031622776601683794,0.35245892128034684,0.28320153356981886
cos x,нормальный,3,0.01,0.3448400820404632,0.2835316036219833
cos x,нормальный,3,0.03162277660168379,0.325133744858354,0.2847186993673192
cos x,нормальный,3,0.1,0.2878135462871822,0.28972576937496247
cos x,нормальный,3,0.31622776601683794,0.2686491624740749,0.3135526917058284
cos x,нормальный,3,1.0,0.3861204438122557,0.40191141594549995
cos x,нормальный,3,3.1622776601683795,0.5371187584922426,0.5619640889975046
cos x,нормальный,3,10.0,0.6433330011983818,0.6906954589392765
cos x,нормальный,3,31.622776601683793,0.6967355560432364,0.7495443904166634
cos x,нормальный,3,100.0,0.7185742082617947,0.7709029958229755
cos x,нормальный,4,0.0,0.22627350264943097,0.20074511790843122
cos x,нормальный,4,1e-10,0.22627350074846672,0.2007451179635226
cos x,нормальный,4,3.1622776601683795e-10,0.22627349663804935,0.20074511808264553
cos x,нормальный,4,1e-09,0.22627348363977123,0.20074511845934434
cos x,нормальный,4,3.1622776601683795e-09,0.22627344253561885,0.20074511965057165
cos x,нормальный,4,1e-08,0.22627331255298025,0.2007451234175638
cos x,нормальный,4,3.162277660168379e-08,0.22627290151289606,0.20074513532984928
cos x,нормальный,4,1e-07,0.22627160170106703,0.2007451729999016
cos x,нормальный,4,3.162277660168379e-07,0.22626749144558347,0.200745292124049
cos x,нормальный,4,1e-06,0.22625449478079976,0.20074566883750558
cos x,нормальный,4,3.162277660168379e-06,0.22621340675906004,0.20074686020830612
cos x,нормальный,4,1e-05,0.22608358537226797,0.2007506286358155
cos x,нормальный,4,3.1622776601683795e-05,0.22567415557385004,0.20076255526327993
cos x,нормальный,4,0.0001,0.22439037729095732,0.2008003684176623
cos x,нормальный,4,0.00031622776601683794,0.22043833459911602,0.20092091356601666
cos x,нормальный,4,0.001,0.20896336021662654,0.20131152523380313
cos x,нормальный,4,0.0031622776601683794,0.18182243654276747,0.2026325056425701
cos x,нормальный,4,0.01,0.18051012886269377,0.20744383595118987
cos x,нормальный,4,0.03162277660168379,0.24965179866416998,0.22477204143657278
cos x,нормальный,4,0.1,0.2998227532808548,0.26817348547621817
cos x,нормальный,4,0.31622776601683794,0.3087750408586077,0.3266654019434141
cos x,нормальный,4,1.0,0.3560743192425973,0.39473724406957167
cos x,нормальный,4,3.1622776601683795,0.48907042137187384,0.5088823164715405
cos x,нормальный,4,10.0,0.6089083481062147,0.6424371727323858
cos x,нормальный,4,31.622776601683793,0.6811752980189146,0.7264629598269524
cos x,нормальный,4,100.0,0.7129491440232546,0.7624281338915182
cos x,нормальный,5,0.0,0.37174503694728267,0.19776269150544362
cos x,нормальный,5,1e-10,0.37174502213138966,0.19776269157050308
cos x,нормальный,5,3.1622776601683795e-10,0.3717449900952879,0.19776269171117994
cos x,нормальный,5,1e-09,0.37174488878829337,0.19776269215603853
cos x,нормальный,5,3.1622776601683795e-09,0.3717445684280315,0.1977626935628055
cos x,нормальный,5,1e-08,0.3717435553653187,0.19776269801139393
cos x,нормальный,5,3.162277660168379e-08,0.3717403518344161,0.19776271207907598
cos x,нормальный,5,1e-07,0.37173022192630906,0.19776275656508766
cos x,нормальный,5,3.162277660168379e-07,0.37169819380427704,0.19776289724316495
cos x,нормальный,5,1e-06,0.371596966556255,0.19776334211586896
cos x,нормальный,5,3.162277660168379e-06,0.3712774024770125,0.19776474902248967
cos x,нормальный,5,1e-05,0.37027226400203456,0.1977691990074271
cos x,нормальный,5,3.1622776601683795e-05,0.36714680278026035,0.19778328063456294
cos x,нормальный,5,0.0001,0.3577626162496042,0.19782790552572746
cos x,нормальный,5,0.00031622776601683794,0.33226071522185013,0.19796995464827552
cos x,нормальный,5,0.001,0.2775962702121917,0.19842801123410256
cos x,нормальный,5,0.0031622776601683794,0.2000285452303287,0.1999528012092634
cos x,нормальный,5,0.01,0.20219177078159553,0.20528467655813334
cos x,нормальный,5,0.03162277660168379,0.27506349704136496,0.2234640005282387
cos x,нормальный,5,0.1,0.31498910745709036,0.26759228963126686
cos x,нормальный,5,0.31622776601683794,0.3102386762171845,0.32652358428357975
cos x,нормальный,5,1.0,0.36454221651599966,0.3951431645581288
cos x,нормальный,5,3.1622776601683795,0.4944163551816464,0.5104694480945255
cos x,нормальный,5,10.0,0.6098093462715569,0.6448516443279588
cos x,нормальный,5,31.622776601683793,0.6806892840366242,0.7279612927506114
cos x,нормальный,5,100.0,0.7125928673184933,0.7629912204266507
cos x,нормальный,6,0.0,0.39879787510486403,0.2203025917066651
cos x,нормальный,6,1e-10,0.39879786083473806,0.2203025894482551
cos x,нормальный,6,3.1622776601683795e-10,0.39879782997870244,0.22030258456494903
cos x,нормальный,6,1e-09,0.3987977324034395,0.22030256912262586
cos x,нормальный,6,3.1622776601683795e-09,0.39879742384451417,0.2203025202897985
cos x,нормальный,6,1e-08,0.39879644810678994,0.22030236586775137
cos x,нормальный,6,3.162277660168379e-08,0.39879336266681753,0.2203018775517076
cos x,нормальный,6,1e-07,0.39878360678234326,0.22030033345428965
cos x,нормальный,6,3.162277660168379e-07,0.39875276729572595,0.22029545152415142
cos x,нормальный,6,1e-06,0.3986553572893111,0.22028002284730466
cos x,нормальный,6,3.162277660168379e-06,0.39834844137485476,0.22023132635207623
cos x,нормальный,6,1e-05,0.39738884157721766,0.22007826236782813
cos x,нормальный,6,3.1622776601683795e-05,0.39445632759283883,0.21960336070626701
cos x,нормальный,6,0.0001,0.3860214731118082,0.2181883702163667
cos x,нормальный,6,0.00031622776601683794,0.36472211026149637,0.21445760539242123
cos x,нормальный,6,0.001,0.32186808737914396,0.20746454048564317
cos x,нормальный,6,0.0031622776601683794,0.25910939392024035,0.2018708064406656
cos x,нормальный,6,0.01,0.1942983459727711,0.20379803338470592
cos x,нормальный,6,0.03162277660168379,0.2356338863535604,0.21487460878181872
cos x,нормальный,6,0.1,0.29783073473713617,0.24962998907859513
cos x,нормальный,6,0.31622776601683794,0.3239165504838297,0.32084506728424456
cos x,нормальный,6,1.0,0.36366383296842575,0.40414240240273414
cos x,нормальный,6,3.1622776601683795,0.48051504766931064,0.5033151256019098
cos x,нормальный,6,10.0,0.5943293797050352,0.6245246711419391
cos x,нормальный,6,31.622776601683793,0.6719872057869019,0.7147057495194966
cos x,нормальный,6,100.0,0.7091677492149592,0.757567832020592
cos x,нормальный,7,0.0,0.9496315336932432,0.23877323171763173
cos x,нормальный,7,1e-10,0.9496291275022785,0.23877321642649413
cos x,нормальный,7,3.1622776601683795e-10,0.949623924739415,0.23877318336281175
cos x,нормальный,7,1e-09,0.9496074729397972,0.23877307880697526
cos x,нормальный,7,3.1622776601683795e-09,0.9495554556281508,0.23877274817661032
cos x,нормальный,7,1e-08,0.9493910408662852,0.23877170267535597
cos x,нормальный,7,3.162277660168379e-08,0.9488718986333021,0.2387683969479044
cos x,нормальный,7,1e-07,0.9472380153780098,0.23875794769510905
cos x,нормальный,7,3.162277660168379e-07,0.9421478551563105,0.23872494794278187
cos x,нормальный,7,1e-06,0.92678001573488,0.2386210283028841
cos x,нормальный,7,3.162277660168379e-06,0.8844488336521097,0.23829668683674696
cos x,нормальный,7,1e-05,0.7921118827906268,0.23731185074244568
cos x,нормальный,7,3.1622776601683795e-05,0.6628282824704871,0.23455135321018622
cos x,нормальный,7,0.0001,0.5553071491904786,0.2282129909484493
cos x,нормальный,7,0.00031622776601683794,0.4821542976009553,0.21798211406946164
cos x,нормальный,7,0.001,0.4085417945955171,0.20677035889496692
cos x,нормальный,7,0.0031622776601683794,0.3041323331974904,0.20022067856121742
cos x,нормальный,7,0.01,0.19731773045469328,0.20222463833172175
cos x,нормальный,7,0.03162277660168379,0.2544382345309413,0.21320327111603804
cos x,нормальный,7,0.1,0.3106713234667763,0.24885417362237577
cos x,нормальный,7,0.31622776601683794,0.3251544451328733,0.3208436770565309
cos x,нормальный,7,1.0,0.3698015750188048,0.40412093126699744
cos x,нормальный,7,3.1622776601683795,0.4852044128404084,0.5035071755177942
cos x,нормальный,7,10.0,0.5953424577804551,0.6254414441531759
cos x,нормальный,7,31.622776601683793,0.6717424886386709,0.7155126096496637
cos x,нормальный,7,100.0,0.7089304599877478,0.7579057384878176
cos x,нормальный,8,0.0,1.0757021092124377,0.25966041937951545
cos x,нормальный,8,1e-10,1.0756904471429665,0.25966038076346376
cos x,нормальный,8,3.1622776601683795e-10,1.0756652355404595,0.25966029726532114
cos x,нормальный,8,1e-09,1.0755855547863233,0.25966003322514014
cos x,нормальный,8,3.1622776601683795e-09,1.0753340346764102,0.259659198303139
cos x,нормальный,8,1e-08,1.0745431497749924,0.25965655851065117
cos x,нормальный,8,3.162277660168379e-08,1.0720860234799754,0.2596482153755079
cos x,нормальный,8,1e-07,1.0647240174924024,0.25962187816105253
cos x,нормальный,8,3.162277660168379e-07,1.0447481741325908,0.2595390497228903
cos x,нормальный,8,1e-06,1.0008011075600889,0.2592815776204576
cos x,нормальный,8,3.162277660168379e-06,0.9253624268611972,0.25850853130339624
cos x,нормальный,8,1e-05,0.8104825074147387,0.25639209303555405
cos x,нормальный,8,3.1622776601683795e-05,0.6706593667235469,0.2515853149131791
cos x,нормальный,8,0.0001,0.558785970908948,0.2430612635840574
cos x,нормальный,8,0.00031622776601683794,0.48277746985392056,0.23145193003075873
cos x,нормальный,8,0.001,0.4103905022175677,0.21843449420944194
cos x,нормальный,8,0.0031622776601683794,0.31849182582316654,0.20566331061504492
cos x,нормальный,8,0.01,0.22039848696643505,0.20247777663507988
cos x,нормальный,8,0.03162277660168379,0.23489757932761526,0.2125125953743602
cos x,нормальный,8,0.1,0.2967993733062335,0.24167037133184238
cos x,нормальный,8,0.31622776601683794,0.3267644680395691,0.31265390214771627
cos x,нормальный,8,1.0,0.37264536717965074,0.4084458909216147
cos x,нормальный,8,3.1622776601683795,0.4811215317985421,0.506207260598095
cos x,нормальный,8,10.0,0.5879571436983697,0.6168629119046835
cos x,нормальный,8,31.622776601683793,0.6665537775069568,0.7074323608712486
cos x,нормальный,8,100.0,0.7067001132726504,0.7541991099348566
cos x,нормальный,9,0.0,10.79642438920903,0.326142814135707
cos x,нормальный,9,1e-10,10.789332585194101,0.326141656574719
cos x,нормальный,9,3.1622776601683795e-10,10.774027344520636,0.32613915376138397
cos x,нормальный,9,1e-09,10.72588928587903,0.3261312405105027
cos x,нормальный,9,3.1622776601683795e-09,10.576229737507902,0.3261062300760669
cos x,нормальный,9,1e-08,10.127218041877487,0.32602727444470303
cos x,нормальный,9,3.162277660168379e-08,8.912312439625222,0.3257789301228002
cos x,нормальный,9,1e-07,6.374592838175684,0.32500670727726527
cos x,нормальный,9,3.162277660168379e-07,3.109137428781831,0.3226886022371076
cos x,нормальный,9,1e-06,0.817758011383304,0.3164043292110215
cos x,нормальный,9,3.162277660168379e-06,0.5195746041243513,0.3031692559504453
cos x,нормальный,9,1e-05,0.7697948949907817,0.2853987249132485
cos x,нормальный,9,3.1622776601683795e-05,0.7567583059023753,0.2701229574590208
cos x,нормальный,9,0.0001,0.6645703405875377,0.25725690551042885
cos x,нормальный,9,0.00031622776601683794,0.5759443278092693,0.24150065853737004
cos x,нормальный,9,0.001,0.48680413825509694,0.22160006908022464
cos x,нормальный,9,0.0031622776601683794,0.36769083767185695,0.20453878038431425
cos x,нормальный,9,0.01,0.22923535898240396,0.20116940027328667
cos x,нормальный,9,0.03162277660168379,0.24649878872620565,0.21123255836150098
cos x,нормальный,9,0.1,0.3071690156313164,0.24068040111323757
cos x,нормальный,9,0.31622776601683794,0.3280999715615348,0.3131219545402726
cos x,нормальный,9,1.0,0.3769782694496505,0.40890001675466814
cos x,нормальный,9,3.1622776601683795,0.48483749827485345,0.5062122065356859
cos x,нормальный,9,10.0,0.5888612883160904,0.6171653817970039
cos x,нормальный,9,31.622776601683793,0.6664375789950869,0.707878397048219
cos x,нормальный,9,100.0,0.706539720679251,0.7544133052987542
cos x,нормальный,10,0.0,14.15348955439273,0.3495397449387323
cos x,нормальный,10,1e-10,14.105530714020158,0.34953289398693854
cos x,нормальный,10,3.1622776601683795e-10,14.004665034620482,0.3495180901904083
cos x,нормальный,10,1e-09,13.708840191947823,0.3494713645261308
cos x,нормальный,10,3.1622776601683795e-09,12.950058948850673,0.3493244802287232
cos x,нормальный,10,1e-08,11.458528624362613,0.3488685437785245
cos x,нормальный,10,3.162277660168379e-08,9.231846694226533,0.34750642686052774
cos x,нормальный,10,1e-07,6.168477579332143,0.3438467698748267
cos x,нормальный,10,3.162277660168379e-07,2.7723436374204717,0.33606401338909553
cos x,нормальный,10,1e-06,0.5191120661516039,0.32390979227982347
cos x,нормальный,10,3.162277660168379e-06,0.7636771770362969,0.3078814344550464
cos x,нормальный,10,1e-05,0.8855943114840612,0.2905327663375421
cos x,нормальный,10,3.1622776601683795e-05,0.7942731790006319,0.2775845108215898
cos x,нормальный,10,0.0001,0.671346511269967,0.2676245797978639
cos x,нормальный,10,0.00031622776601683794,0.5693660863343942,0.253729114490323
cos x,нормальный,10,0.001,0.4729753451455577,0.23349667546842404
cos x,нормальный,10,0.0031622776601683794,0.35936477876033157,0.2121041763625968
cos x,нормальный,10,0.01,0.2364747010656738,0.20181036037215086
cos x,нормальный,10,0.03162277660168379,0.23786596837534518,0.21138646372045153
cos x,нормальный,10,0.1,0.2976927890419133,0.23838644132642192
cos x,нормальный,10,0.31622776601683794,0.32636692126619543,0.30678408404630814
cos x,нормальный,10,1.0,0.37959229261568683,0.4100104892950008
cos x,нормальный,10,3.1622776601683795,0.48418567770332865,0.5105076912443134
cos x,нормальный,10,10.0,0.5853611328801647,0.6138728517071849
cos x,нормальный,10,31.622776601683793,0.6632305765427046,0.7027329775771989
cos x,нормальный,10,100.0,0.7050192995738142,0.7517472232110665
cos x,нормальный,11,0.0,84.65456528846072,1.851606991132155
cos x,нормальный,11,1e-10,80.8418810157327,1.8446830393873481
cos x,нормальный,11,3.1622776601683795e-10,73.9042876013676,1.8298668566655742
cos x,нормальный,11,1e-09,59.319340971794745,1.7843678255351387
cos x,нормальный,11,3.1622776601683795e-09,40.164784765957286,1.6527944094426823
cos x,нормальный,11,1e-08,25.792995223614177,1.3303872960629606
cos x,нормальный,11,3.162277660168379e-08,18.21711552999667,0.7864679243559408
cos x,нормальный,11,1e-07,13.45825138648559,0.3083025100350882
cos x,нормальный,11,3.162277660168379e-07,8.418535076657161,0.2404026236732964
cos x,нормальный,11,1e-06,3.5975036821354807,0.29570644785432665
cos x,нормальный,11,3.162277660168379e-06,0.8473669169952949,0.3131979120489378
cos x,нормальный,11,1e-05,0.5276917006428457,0.30987093040386465
cos x,нормальный,11,3.1622776601683795e-05,0.7231967530366102,0.2980401499390743
cos x,нормальный,11,0.0001,0.6973814953541717,0.28477454727040385
cos x,нормальный,11,0.00031622776601683794,0.6215600932015167,0.267394288313926
cos x,нормальный,11,0.001,0.5268194751232957,0.24079724276833225
cos x,нормальный,11,0.0031622776601683794,0.3997229883701371,0.21238598933205463
cos x,нормальный,11,0.01,0.24771935020168984,0.20060719951878506
cos x,нормальный,11,0.03162277660168379,0.24455199654225038,0.21064216108466718
cos x,нормальный,11,0.1,0.3057441226098224,0.2373649949016145
cos x,нормальный,11,0.31622776601683794,0.3276952594568122,0.3074217746923862
cos x,нормальный,11,1.0,0.38263942785464156,0.41097532846887747
cos x,нормальный,11,3.1622776601683795,0.48697612611231467,0.5106752366374193
cos x,нормальный,11,10.0,0.5860934892811649,0.6139478563199474
cos x,нормальный,11,31.622776601683793,0.6631828224287697,0.7029894981249959
cos x,нормальный,11,100.0,0.7049089943515561,0.7518919414847989
cos x,нормальный,12,0.0,26.31780768156984,2.767940789132549
cos x,нормальный,12,1e-10,25.4479555070912,2.730797540351724
cos x,нормальный,12,3.1622776601683795e-10,43.45064765710798,2.6569398570405394
cos x,нормальный,12,1e-09,44.12713112780993,2.4671289636067644
cos x,нормальный,12,3.1622776601683795e-09,32.780168135623214,2.0911293279951386
cos x,нормальный,12,1e-08,22.000169446863012,1.5316353054262692
cos x,нормальный,12,3.162277660168379e-08,15.909133079868178,0.8523451243727371
cos x,нормальный,12,1e-07,11.780327110815314,0.3159076474486835
cos x,нормальный,12,3.162277660168379e-07,7.158260583593356,0.2451482906081834
cos x,нормальный,12,1e-06,2.743799137818663,0.30754501113932575
cos x,нормальный,12,3.162277660168379e-06,0.47948458566014923,0.3216219765282439
cos x,нормальный,12,1e-05,0.8280754712884401,0.3144779310435564
cos x,нормальный,12,3.1622776601683795e-05,0.8328756542522944,0.30187189381160995
cos x,нормальный,12,0.0001,0.7258257952313351,0.2900859947751801
cos x,нормальный,12,0.00031622776601683794,0.6200360509935638,0.27553454215887224
cos x,нормальный,12,0.001,0.5119100401686334,0.250923279975271
cos x,нормальный,12,0.0031622776601683794,0.3850152329894444,0.22041920396537532
cos x,нормальный,12,0.01,0.24551921005771762,0.2019622268477526
cos x,нормальный,12,0.03162277660168379,0.24098799756361405,0.21046132737556209
cos x,нормальный,12,0.1,0.2993722108690061,0.2369856325808744
cos x,нормальный,12,0.31622776601683794,0.32519455357165344,0.30307143979473755
cos x,нормальный,12,1.0,0.38458769197137244,0.41060480421156237
cos x,нормальный,12,3.1622776601683795,0.4876440961840104,0.5146571690609457
cos x,нормальный,12,10.0,0.5846100628232562,0.6131661557850695
cos x,нормальный,12,31.622776601683793,0.661171847307334,0.699626596504015
cos x,нормальный,12,100.0,0.7038387691047073,0.7499035231949754
cos x,нормальный,13,0.0,756.3763921745525,9.088948351503078
cos x,нормальный,13,1e-10,93.848045538533,7.617238992777364
cos x,нормальный,13,3.1622776601683795e-10,94.29944488981855,6.077791329076473
cos x,нормальный,13,1e-09,90.24767843521421,4.520812693811928
cos x,нормальный,13,3.1622776601683795e-09,72.38206205237722,3.451260434379336
cos x,нормальный,13,1e-08,47.86486813745959,2.729314081006568
cos x,нормальный,13,3.162277660168379e-08,30.11298901313031,2.0364811226634414
cos x,нормальный,13,1e-07,20.433970647530668,1.1800970659412395
cos x,нормальный,13,3.162277660168379e-07,13.273897072295545,0.44409859808193686
cos x,нормальный,13,1e-06,6.481259272884676,0.2288541724893417
cos x,нормальный,13,3.162277660168379e-06,2.00198916905405,0.28705154884533834
cos x,нормальный,13,1e-05,0.39681006028819016,0.3118092852509151
cos x,нормальный,13,3.1622776601683795e-05,0.6572927799557527,0.31346595474784594
cos x,нормальный,13,0.0001,0.6946075751002839,0.30606193109679947
cos x,нормальный,13,0.00031622776601683794,0.6395374682731974,0.2907925248752311
cos x,нормальный,13,0.001,0.5458327063265707,0.261332515274854
cos x,нормальный,13,0.0031622776601683794,0.4151014746909981,0.2226356298171384
cos x,нормальный,13,0.01,0.256151434048837,0.20093165928245665
cos x,нормальный,13,0.03162277660168379,0.2449095245081554,0.2101593932204094
cos x,нормальный,13,0.1,0.30554509247090167,0.23611547354812998
cos x,нормальный,13,0.31622776601683794,0.32639136182872325,0.3036510586865089
cos x,нормальный,13,1.0,0.38672407866617753,0.41188794747383867
cos x,нормальный,13,3.1622776601683795,0.4896829034962754,0.5150307171891194
cos x,нормальный,13,10.0,0.585177874788751,0.6131731485199542
cos x,нормальный,13,31.622776601683793,0.6611622813482552,0.6997814321913627
cos x,нормальный,13,100.0,0.7037621771825238,0.750007954385513
cos x,нормальный,14,0.0,582.382386339047,14.485615061196405
cos x,нормальный,14,1e-10,19.980057958515445,1.753733045186582
cos x,нормальный,14,3.1622776601683795e-10,41.27887736662919,3.8238122300536532
cos x,нормальный,14,1e-09,60.1413877547454,3.837163473392232
cos x,нормальный,14,3.1622776601683795e-09,56.72903469091165,3.3795182931728833
cos x,нормальный,14,1e-08,39.723575578378,2.8188447801552052
cos x,нормальный,14,3.162277660168379e-08,25.32684912704602,2.073434876068905
cos x,нормальный,14,1e-07,17.057728986219473,1.160319685094835
cos x,нормальный,14,3.162277660168379e-07,10.861886674642577,0.41219132887799237
cos x,нормальный,14,1e-06,4.9770778773897595,0.23692354637148258
cos x,нормальный,14,3.162277660168379e-06,1.2584801441945221,0.3047285696019881
cos x,нормальный,14,1e-05,0.7757846854065578,0.32178804829777347
cos x,нормальный,14,3.1622776601683795e-05,0.8441523419312211,0.3184694661804641
cos x,нормальный,14,0.0001,0.7492891323430342,0.30989422430036917
cos x,нормальный,14,0.00031622776601683794,0.6470023729105472,0.29580034741775946
cos x,нормальный,14,0.001,0.5351302367098908,0.2686109111772167
cos x,нормальный,14,0.0031622776601683794,0.40138835820740343,0.2298421259153632
cos x,нормальный,14,0.01,0.2507843411810128,0.20279986164621475
cos x,нормальный,14,0.03162277660168379,0.24349479009268352,0.20968054530025756
cos x,нормальный,14,0.1,0.3012375312535903,0.23642693902508838
cos x,нормальный,14,0.31622776601683794,0.3239139324548157,0.3007543976081954
cos x,нормальный,14,1.0,0.3881345237806923,0.41094336372516793
cos x,нормальный,14,3.1622776601683795,0.4908544500645046,0.5183551772994682
cos x,нормальный,14,10.0,0.5847888892310695,0.6136206329809099
cos x,нормальный,14,31.622776601683793,0.6599052762208142,0.6975604341697418
cos x,нормальный,14,100.0,0.7029902881802518,0.7484866345341838
cos x,нормальный,15,0.0,2729.8027675043604,1.5452376669326826
cos x,нормальный,15,1e-10,140.62846341276168,7.8588088099259785
cos x,нормальный,15,3.1622776601683795e-10,110.16308135354424,9.29638995639049
cos x,нормальный,15,1e-09,108.38719478615528,8.162380839341541
cos x,нормальный,15,3.1622776601683795e-09,95.43641558590625,6.106439004984256
cos x,нормальный,15,1e-08,67.59535611289955,4.525767472740476
cos x,нормальный,15,3.162277660168379e-08,41.5529812393899,3.4020351166366334
cos x,нормальный,15,1e-07,26.28006303444642,2.283938492290729
cos x,нормальный,15,3.162277660168379e-07,16.7764993503647,1.1110505551836385
cos x,нормальный,15,1e-06,8.649765801752904,0.35210246536735745
cos x,нормальный,15,3.162277660168379e-06,2.9799758239830796,0.24414436075440207
cos x,нормальный,15,1e-05,0.6918574089676887,0.2991498857126571
cos x,нормальный,15,3.1622776601683795e-05,0.6291311523822134,0.3188397496151719
cos x,нормальный,15,0.0001,0.68587828816725,0.32141475952476295
cos x,нормальный,15,0.00031622776601683794,0.6455971266664754,0.3106351911023953
cos x,нормальный,15,0.001,0.5550934878378413,0.2806857180862335
cos x,нормальный,15,0.0031622776601683794,0.42325629110502005,0.23394095446824253
cos x,нормальный,15,0.01,0.2599291268249644,0.20205138656682356
cos x,нормальный,15,0.03162277660168379,0.24592004397342918,0.2097028199718198
cos x,нормальный,15,0.1,0.3059759634261631,0.23578833923446071
cos x,нормальный,15,0.31622776601683794,0.3249273563148023,0.3011906401399263
cos x,нормальный,15,1.0,0.3896319614171191,0.4123585422026592
cos x,нормальный,15,3.1622776601683795,0.49232645755416654,0.5188870357255742
cos x,нормальный,15,10.0,0.5852220176122669,0.6136202931258441
cos x,нормальный,15,31.622776601683793,0.6599186554440043,0.6976590811346952
cos x,нормальный,15,100.0,0.702937280243713,0.7485668575066117
5x^3 + x^2 + 5,равномерный,0,0.0,345.95169855992407,371.188661623155
5x^3 + x^2 + 5,равномерный,0,1e-10,345.95169855992407,371.188661623155
5x^3 + x^2 + 5,равномерный,0,3.1622776601683795e-10,345.95169855992407,371.188661623155
5x^3 + x^2 + 5,равномерный,0,1e-09,345.95169855992407,371.188661623155
5x^3 + x^2 + 5,равномерный,0,3.1622776601683795e-09,345.95169855992407,371.188661623155
5x^3 + x^2 + 5,равномерный,0,1e-08,345.95169855992407,371.188661623155
5x^3 + x^2 + 5,равномерный,0,3.162277660168379e-08,345.95169855992407,371.188661623155
5x^3 + x^2 + 5,равномерный,0,1e-07,345.95169855992407,371.188661623155
5x^3 + x^2 + 5,равномерный,0,3.162277660168379e-07,345.95169855992407,371.188661623155
5x^3 + x^2 + 5,равномерный,0,1e-06,345.95169855992407,371.188661623155
5x^3 + x^2 + 5,равномерный,0,3.162277660168379e-06,345.95169855992407,371.188661623155
5x^3 + x^2 + 5,равномерный,0,1e-05,345.95169855992407,371.188661623155
5x^3 + x^2 + 5,равномерный,0,3.1622776601683795e-05,345.95169855992407,371.188661623155
5x^3 + x^2 + 5,равномерный,0,0.0001,345.95169855992407,371.188661623155
5x^3 + x^2 + 5,равномерный,0,0.00031622776601683794,345.95169855992407,371.188661623155
5x^3 + x^2 + 5,равномерный,0,0.001,345.95169855992407,371.188661623155
5x^3 + x^2 + 5,равномерный,0,0.0031622776601683794,345.95169855992407,371.188661623155
5x^3 + x^2 + 5,равномерный,0,0.01,345.95169855992407,371.188661623155
5x^3 + x^2 + 5,равномерный,0,0.03162277660168379,345.95169855992407,371.188661623155
5x^3 + x^2 + 5,равномерный,0,0.1,345.95169855992407,371.188661623155
5x^3 + x^2 + 5,равномерный,0,0.31622776601683794,345.95169855992407,371.188661623155
5x^3 + x^2 + 5,равномерный,0,1.0,345.95169855992407,371.188661623155
5x^3 + x^2 + 5,равномерный,0,3.1622776601683795,345.95169855992407,371.188661623155
5x^3 + x^2 + 5,равномерный,0,10.0,345.95169855992407,371.188661623155
5x^3 + x^2 + 5,равномерный,0,31.622776601683793,345.95169855992407,371.188661623155
5x^3 + x^2 + 5,равномерный,0,100.0,345.95169855992407,371.188661623155
5x^3 + x^2 + 5,равномерный,1,0.0,157.52582319021909,192.98335901385883
5x^3 + x^2 + 5,равномерный,1,1e-10,157.52582319084985,192.98335901298935
5x^3 + x^2 + 5,равномерный,1,3.1622776601683795e-10,157.52582319221375,192.98335901110926
5x^3 + x^2 + 5,равномерный,1,1e-09,157.52582319652674,192.98335900516395
5x^3 + x^2 + 5,равномерный,1,3.1622776601683795e-09,157.52582321016558,192.98335898636327
5x^3 + x^2 + 5,равномерный,1,1e-08,157.52582325329544,192.98335892691023
5x^3 + x^2 + 5,равномерный,1,3.162277660168379e-08,157.5258233896841,192.98335873890323
5x^3 + x^2 + 5,равномерный,1,1e-07,157.52582382098288,192.983358144373
5x^3 + x^2 + 5,равномерный,1,3.162277660168379e-07,157.52582518487006,192.98335626430384
5x^3 + x^2 + 5,равномерный,1,1e-06,157.52582949786603,192.9833503190077
5x^3 + x^2 + 5,равномерный,1,3.162277660168379e-06,157.52584313681604,192.9833315183777
5x^3 + x^2 + 5,равномерный,1,1e-05,157.52588626755727,192.98327206603525
5x^3 + x^2 + 5,равномерный,1,3.1622776601683795e-05,157.52602266487912,192.9830840659197
5x^3 + x^2 + 5,равномерный,1,0.0001,157.52645405050413,192.9824896043427
5x^3 + x^2 + 5,равномерный,1,0.00031622776601683794,157.52781880575145,192.98061022162935
5x^3 + x^2 + 5,равномерный,1,0.001,157.5321404791862,192.97467178914883
5x^3 + x^2 + 5,равномерный,1,0.0031622776601683794,157.54586610552616,192.95593975926053
5x^3 + x^2 + 5,равномерный,1,0.01,157.58986048637357,192.89717228079445
5x^3 + x^2 + 5,равномерный,1,0.03162277660168379,157.73479604821074,192.71598495731905
5x^3 + x^2 + 5,равномерный,1,0.1,158.24852238333457,192.1885299658646
5x^3 + x^2 + 5,равномерный,1,0.31622776601683794,160.3468362524437,190.9449727755286
5x^3 + x^2 + 5,равномерный,1,1.0,169.77387038299912,190.40012847998548
5x^3 + x^2 + 5,равномерный,1,3.1622776601683795,202.1702319510536,204.89526729072682
5x^3 + x^2 + 5,равномерный,1,10.0,259.46414036175315,257.73098065294647
5x^3 + x^2 + 5,равномерный,1,31.622776601683793,308.34351059638306,318.16056056761846
5x^3 + x^2 + 5,равномерный,1,100.0,332.5079151997532,351.64501655413466
5x^3 + x^2 + 5,равномерный,2,0.0,149.81611687515812,120.6304815768862
5x^3 + x^2 + 5,равномерный,2,1e-10,149.8161168707865,120.63048157862431
5x^3 + x^2 + 5,равномерный,2,3.1622776601683795e-10,149.81611686133382,120.63048158238261
5x^3 + x^2 + 5,равномерный,2,1e-09,149.81611683144203,120.63048159426742
5x^3 + x^2 + 5,равномерный,2,3.1622776601683795e-09,149.8161167369158,120.63048163185049
5x^3 + x^2 + 5,равномерный,2,1e-08,149.81611643799766,120.63048175069855
5x^3 + x^2 + 5,равномерный,2,3.162277660168379e-08,149.8161154927355,120.63048212652916
5x^3 + x^2 + 5,равномерный,2,1e-07,149.81611250355462,120.6304833150099
5x^3 + x^2 + 5,равномерный,2,3.162277660168379e-07,149.81610305094108,120.63048707331622
5x^3 + x^2 + 5,равномерный,2,1e-06,149.81607315921622,120.63049895812692
5x^3 + x^2 + 5,равномерный,2,3.162277660168379e-06,149.81597863391866,120.63053654122372
5x^3 + x^2 + 5,равномерный,2,1e-05,149.8156797250444,120.63065538966565
5x^3 + x^2 + 5,равномерный,2,3.1622776601683795e-05,149.81473455581101,120.63103122398348
5x^3 + x^2 + 5,равномерный,2,0.0001,149.81174630439668,120.63221974189746
5x^3 + x^2 + 5,равномерный,2,0.00031622776601683794,149.80230298244345,120.63597841991472
5x^3 + x^2 + 5,равномерный,2,0.001,149.772504080426,120.64786694402315
5x^3 + x^2 + 5,равномерный,2,0.0031622776601683794,149.67890409446252,120.68548706601126
5x^3 + x^2 + 5,равномерный,2,0.01,149.38915723841427,120.80470234268414
5x^3 + x^2 + 5,равномерный,2,0.03162277660168379,148.53283714678318,121.1840997412093
5x^3 + x^2 + 5,равномерный,2,0.1,146.35506706790028,122.40517823269442
5x^3 + x^2 + 5,равномерный,2,0.31622776601683794,143.21874835722608,126.41294807636875
5x^3 + x^2 + 5,равномерный,2,1.0,148.87267411765993,139.4847982129625
5x^3 + x^2 + 5,равномерный,2,3.1622776601683795,184.87236225934868,176.81917608977992
5x^3 + x^2 + 5,равномерный,2,10.0,249.8141060065538,247.12310475108347
5x^3 + x^2 + 5,равномерный,2,31.622776601683793,304.3850631057757,314.51082196807073
5x^3 + x^2 + 5,равномерный,2,100.0,331.12272127874246,350.4226456982112
5x^3 + x^2 + 5,равномерный,3,0.0,144.55209104421155,120.40170609901651
5x^3 + x^2 + 5,равномерный,3,1e-10,144.55209102941586,120.40170610062306
5x^3 + x^2 + 5,равномерный,3,3.1622776601683795e-10,144.55209099742342,120.40170610409687
5x^3 + x^2 + 5,равномерный,3,1e-09,144.55209089625447,120.40170611508195
5x^3 + x^2 + 5,равномерный,3,3.1622776601683795e-09,144.55209057633024,120.40170614981989
5x^3 + x^2 + 5,равномерный,3,1e-08,144.55208956464085,120.40170625967087
5x^3 + x^2 + 5,равномерный,3,3.162277660168379e-08,144.55208636539905,120.40170660705024
5x^3 + x^2 + 5,равномерный,3,1e-07,144.55207624851465,120.40170770556027
5x^3 + x^2 + 5,равномерный,3,3.162277660168379e-07,144.5520442561851,120.4017111793542
5x^3 + x^2 + 5,равномерный,3,1e-06,144.5519430882351,120.40172216445784
5x^3 + x^2 + 5,равномерный,3,3.162277660168379e-06,144.55162317387595,120.40175690243207
5x^3 + x^2 + 5,равномерный,3,1e-05,144.55061158372783,120.40186675381587
5x^3 + x^2 + 5,равномерный,3,3.1622776601683795e-05,144.54741333345362,120.40221413703216
5x^3 + x^2 + 5,равномерный,3,0.0001,144.53730635894232,120.403312685602
5x^3 + x^2 + 5,равномерный,3,0.00031622776601683794,144.50541293011148,120.40678686482634
5x^3 + x^2 + 5,равномерный,3,0.001,144.40522778398625,120.41777581309574
5x^3 + x^2 + 5,равномерный,3,0.0031622776601683794,144.09495031497065,120.45255197799237
5x^3 + x^2 + 5,равномерный,3,0.01,143.17414444872156,120.5627773189329
5x^3 + x^2 + 5,равномерный,3,0.03162277660168379,140.74319537832986,120.91366141313682
5x^3 + x^2 + 5,равномерный,3,0.1,135.801180316672,122.0407474277281
5x^3 + x^2 + 5,равномерный,3,0.31622776601683794,129.83185148611255,125.66549613506949
5x^3 + x^2 + 5,равномерный,3,1.0,134.27007246018385,136.586153886693
5x^3 + x^2 + 5,равномерный,3,3.1622776601683795,169.64485060299862,165.26471425768042
5x^3 + x^2 + 5,равномерный,3,10.0,234.57022844517564,226.32578658685682
5x^3 + x^2 + 5,равномерный,3,31.622776601683793,294.9136200003397,298.85924818010733
5x^3 + x^2 + 5,равномерный,3,100.0,327.17291594063465,343.44273797754863
5x^3 + x^2 + 5,равномерный,4,0.0,163.49629714334415,120.86506640393463
5x^3 + x^2 + 5,равномерный,4,1e-10,163.49629707324456,120.86506640157555
5x^3 + x^2 + 5,равномерный,4,3.1622776601683795e-10,163.49629692167065,120.86506639647455
5x^3 + x^2 + 5,равномерный,4,1e-09,163.4962964423506,120.86506638034382
5x^3 + x^2 + 5,равномерный,4,3.1622776601683795e-09,163.49629492660884,120.86506632933401
5x^3 + x^2 + 5,равномерный,4,1e-08,163.49629013341374,120.8650661680268
5x^3 + x^2 + 5,равномерный,4,3.162277660168379e-08,163.49627497602782,120.86506565792942
5x^3 + x^2 + 5,равномерный,4,1e-07,163.49622704442731,120.86506404486718
5x^3 + x^2 + 5,равномерный,4,3.162277660168379e-07,163.49607547403335,120.86505894398972
5x^3 + x^2 + 5,равномерный,4,1e-06,163.49559619270275,120.86504281433179
5x^3 + x^2 + 5,равномерный,4,3.162277660168379e-06,163.49408083542227,120.86499181520229
5x^3 + x^2 + 5,равномерный,4,1e-05,163.4892914867158,120.86483061505564
5x^3 + x^2 + 5,равномерный,4,3.1622776601683795e-05,163.4741724954406,120.86432158761795
5x^3 + x^2 + 5,равномерный,4,0.0001,163.4266228009101,120.86271920984483
5x^3 + x^2 + 5,равномерный,4,0.00031622776601683794,163.27880822557086,120.85772470396238
5x^3 + x^2 + 5,равномерный,4,0.001,162.835213776221,120.84264401084762
5x^3 + x^2 + 5,равномерный,4,0.0031622776601683794,161.62797994079332,120.80168849466659
5x^3 + x^2 + 5,равномерный,4,0.01,158.98398206887708,120.7286114797553
5x^3 + x^2 + 5,равномерный,4,0.03162277660168379,154.72165132726448,120.83517293286543
5x^3 + x^2 + 5,равномерный,4,0.1,149.16728303302517,122.01628811714326
5x^3 + x^2 + 5,равномерный,4,0.31622776601683794,142.71129030232848,125.2350685041032
5x^3 + x^2 + 5,равномерный,4,1.0,141.03437338077302,133.0288461616335
5x^3 + x^2 + 5,равномерный,4,3.1622776601683795,167.8705750431604,158.55678071279468
5x^3 + x^2 + 5,равномерный,4,10.0,231.02734060284538,221.44946640693107
5x^3 + x^2 + 5,равномерный,4,31.622776601683793,292.8120681450367,296.6104562206735
5x^3 + x^2 + 5,равномерный,4,100.0,326.33210526544826,342.59088362198503
5x^3 + x^2 + 5,равномерный,5,0.0,140.98493496867295,120.88133326617967
5x^3 + x^2 + 5,равномерный,5,1e-10,140.98493539083478,120.88133326273423
5x^3 + x^2 + 5,равномерный,5,3.1622776601683795e-10,140.98493630366693,120.88133325528422
5x^3 + x^2 + 5,равномерный,5,1e-09,140.9849391902998,120.88133323172524
5x^3 + x^2 + 5,равномерный,5,3.1622776601683795e-09,140.98494831867606,120.88133315722528
5x^3 + x^2 + 5,равномерный,5,1e-08,140.98497718556288,120.88133292163579
5x^3 + x^2 + 5,равномерный,5,3.162277660168379e-08,140.98506847491876,120.88133217663795
5x^3 + x^2 + 5,равномерный,5,1e-07,140.9853571996597,120.88132982076303
5x^3 + x^2 + 5,равномерный,5,3.162277660168379e-07,140.9862706517176,120.88132237098311
5x^3 + x^2 + 5,равномерный,5,1e-06,140.9891634757501,120.88129881421871
5x^3 + x^2 + 5,равномерный,5,3.162277660168379e-06,140.9983534989728,120.88122433626721
5x^3 + x^2 + 5,равномерный,5,1e-05,141.02782851111343,120.8809889670068
5x^3 + x^2 + 5,равномерный,5,3.1622776601683795e-05,141.12494331800607,120.88024616850745
5x^3 + x^2 + 5,равномерный,5,0.0001,141.46456730242045,120.87791219746593
5x^3 + x^2 + 5,равномерный,5,0.00031622776601683794,142.71284059123005,120.87067868686923
5x^3 + x^2 + 5,равномерный,5,0.001,146.48067683157132,120.84920262934426
5x^3 + x^2 + 5,равномерный,5,0.0031622776601683794,152.27916534801594,120.79338690188709
5x^3 + x^2 + 5,равномерный,5,0.01,155.045515539469,120.7020292579029
5x^3 + x^2 + 5,равномерный,5,0.03162277660168379,152.83353147474696,120.83266735120714
5x^3 + x^2 + 5,равномерный,5,0.1,147.04424220708816,122.2168176863749
5x^3 + x^2 + 5,равномерный,5,0.31622776601683794,139.80091062461935,126.08519862639997
5x^3 + x^2 + 5,равномерный,5,1.0,137.06458855044548,134.7178692543658
5x^3 + x^2 + 5,равномерный,5,3.1622776601683795,162.43212714259903,158.04832906883667
5x^3 + x^2 + 5,равномерный,5,10.0,225.41214320293793,214.6034222570958
5x^3 + x^2 + 5,равномерный,5,31.622776601683793,288.7841373825982,289.2542799677137
5x^3 + x^2 + 5,равномерный,5,100.0,324.4978134943756,338.8588728896355
5x^3 + x^2 + 5,равномерный,6,0.0,952.2804317326716,121.59568250236629
5x^3 + x^2 + 5,равномерный,6,1e-10,952.2801387772685,121.59568241945281
5x^3 + x^2 + 5,равномерный,6,3.1622776601683795e-10,952.2795053268134,121.59568224017093
5x^3 + x^2 + 5,равномерный,6,1e-09,952.2775021869363,121.59568167323343
5x^3 + x^2 + 5,равномерный,6,3.1622776601683795e-09,952.2711677688687,121.59567988042241
5x^3 + x^2 + 5,равномерный,6,1e-08,952.2511372386201,121.59567421108537
5x^3 + x^2 + 5,равномерный,6,3.162277660168379e-08,952.1878017334791,121.59565628336709
5x^3 + x^2 + 5,равномерный,6,1e-07,951.9875831772773,121.59559959394309
5x^3 + x^2 + 5,равномерный,6,3.162277660168379e-07,951.3550947479471,121.5954203562201
5x^3 + x^2 + 5,равномерный,6,1e-06,949.3615500430133,121.59485385638686
5x^3 + x^2 + 5,равномерный,6,3.162277660168379e-06,943.1222801873715,121.59306541785543
5x^3 + x^2 + 5,равномерный,6,1e-05,924.0186805680751,121.58743963705153
5x^3 + x^2 + 5,равномерный,6,3.1622776601683795e-05,869.2495572163261,121.56994214764487
5x^3 + x^2 + 5,равномерный,6,0.0001,737.9104086260418,121.51739382679855
5x^3 + x^2 + 5,равномерный,6,0.00031622776601683794,524.2571686607846,121.37512070110805
5x^3 + x^2 + 5,равномерный,6,0.001,331.0650528479135,121.08172298983784
5x^3 + x^2 + 5,равномерный,6,0.0031622776601683794,232.46317496722804,120.73408687602885
5x^3 + x^2 + 5,равномерный,6,0.01,193.37689664131412,120.55569158824714
5x^3 + x^2 + 5,равномерный,6,0.03162277660168379,173.12258088842663,120.68660253124355
5x^3 + x^2 + 5,равномерный,6,0.1,158.79281557419534,121.88937640516458
5x^3 + x^2 + 5,равномерный,6,0.31622776601683794,148.65982941512058,125.9675017352456
5x^3 + x^2 + 5,равномерный,6,1.0,144.22798782224342,134.50495506132486
5x^3 + x^2 + 5,равномерный,6,3.1622776601683795,163.84348886444562,156.20530509509095
5x^3 + x^2 + 5,равномерный,6,10.0,224.0788944846381,212.29612910464337
5x^3 + x^2 + 5,равномерный,6,31.622776601683793,287.63201352245994,287.88679138427415
5x^3 + x^2 + 5,равномерный,6,100.0,323.98153780268956,338.28438217879966
5x^3 + x^2 + 5,равномерный,7,0.0,342.5464313730992,151.67477222913365
5x^3 + x^2 + 5,равномерный,7,1e-10,342.54705474861066,151.6747425620874
5x^3 + x^2 + 5,равномерный,7,3.1622776601683795e-10,342.5484027963068,151.6746784138005
5x^3 + x^2 + 5,равномерный,7,1e-09,342.5526669450658,151.674475560835
5x^3 + x^2 + 5,равномерный,7,3.1622776601683795e-09,342.5661638214768,151.67383409466734
5x^3 + x^2 + 5,равномерный,7,1e-08,342.6089690321505,151.6718057170409
5x^3 + x^2 + 5,равномерный,7,3.162277660168379e-08,342.74556815104154,151.66539258897697
5x^3 + x^2 + 5,равномерный,7,1e-07,343.189707880906,151.64512414161783
5x^3 + x^2 + 5,равномерный,7,3.162277660168379e-07,344.70989021978596,151.58114593224468
5x^3 + x^2 + 5,равномерный,7,1e-06,350.4963421546586,151.37998550341754
5x^3 + x^2 + 5,равномерный,7,3.162277660168379e-06,374.3013555811904,150.75523608384015
5x^3 + x^2 + 5,равномерный,7,1e-05,449.2426986376857,148.88767713354153
5x^3 + x^2 + 5,равномерный,7,3.1622776601683795e-05,553.7179672867652,143.9072168079553
5x^3 + x^2 + 5,равномерный,7,0.0001,557.3574341124702,134.14102022134892
5x^3 + x^2 + 5,равномерный,7,0.00031622776601683794,418.59610606276635,124.26760263111873
5x^3 + x^2 + 5,равномерный,7,0.001,265.63742032265145,120.72994979870718
5x^3 + x^2 + 5,равномерный,7,0.0031622776601683794,194.42398342587427,120.40370402167409
5x^3 + x^2 + 5,равномерный,7,0.01,174.31453552967363,120.44693555542399
5x^3 + x^2 + 5,равномерный,7,0.03162277660168379,165.4929517023125,120.64462242748876
5x^3 + x^2 + 5,равномерный,7,0.1,155.65952289740986,121.87567466451551
5x^3 + x^2 + 5,равномерный,7,0.31622776601683794,146.9102672752248,126.10158999545345
5x^3 + x^2 + 5,равномерный,7,1.0,143.11434523811795,135.32184003719658
5x^3 + x^2 + 5,равномерный,7,3.1622776601683795,161.29828928661362,157.24236823779665
5x^3 + x^2 + 5,равномерный,7,10.0,221.4469963354489,209.89399169160785
5x^3 + x^2 + 5,равномерный,7,31.622776601683793,285.524296754941,283.79916460313484
5x^3 + x^2 + 5,равномерный,7,100.0,322.936933702321,335.9178830125161
5x^3 + x^2 + 5,равномерный,8,0.0,1470.4441969024258,390.6823823757693
5x^3 + x^2 + 5,равномерный,8,1e-10,1470.3062736310753,390.68152020564764
5x^3 + x^2 + 5,равномерный,8,3.1622776601683795e-10,1470.0081188374204,390.6796559760645
5x^3 + x^2 + 5,равномерный,8,1e-09,1469.065932639882,390.6737609119684
5x^3 + x^2 + 5,равномерный,8,3.1622776601683795e-09,1466.0930844542693,390.65512064125807
5x^3 + x^2 + 5,равномерный,8,1e-08,1456.7576727091703,390.59619047388486
5x^3 + x^2 + 5,равномерный,8,3.162277660168379e-08,1427.8767002412321,390.4099922229914
5x^3 + x^2 + 5,равномерный,8,1e-07,1342.497206726419,389.8227302772787
5x^3 + x^2 + 5,равномерный,8,3.162277660168379e-07,1120.5532773182117,387.9809944035762
5x^3 + x^2 + 5,равномерный,8,1e-06,695.7947785895374,382.30620216595025
5x^3 + x^2 + 5,равномерный,8,3.162277660168379e-06,291.8967159959076,365.73186858527475
5x^3 + x^2 + 5,равномерный,8,1e-05,527.1440487511229,324.03202078940745
5x^3 + x^2 + 5,равномерный,8,3.1622776601683795e-05,773.4649302170325,249.48733307383512
5x^3 + x^2 + 5,равномерный,8,0.0001,848.6155800775985,173.18818341472607
5x^3 + x^2 + 5,равномерный,8,0.00031622776601683794,711.2242271726064,132.2049121060645
5x^3 + x^2 + 5,равномерный,8,0.001,469.1925472572719,121.46335133938612
5x^3 + x^2 + 5,равномерный,8,0.0031622776601683794,296.9377103715342,120.32945935669076
5x^3 + x^2 + 5,равномерный,8,0.01,222.7443919934937,120.36826836896547
5x^3 + x^2 + 5,равномерный,8,0.03162277660168379,188.81391496046723,120.54833899318804
5x^3 + x^2 + 5,равномерный,8,0.1,167.02854055118286,121.60407998253672
5x^3 + x^2 + 5,равномерный,8,0.31622776601683794,153.678019496732,125.75751039089666
5x^3 + x^2 + 5,равномерный,8,1.0,148.50318653505684,135.3447905939344
5x^3 + x^2 + 5,равномерный,8,3.1622776601683795,163.3919044386432,156.7303884187621
5x^3 + x^2 + 5,равномерный,8,10.0,220.96757517391356,208.72582613926843
5x^3 + x^2 + 5,равномерный,8,31.622776601683793,284.85133409813335,282.92491942509497
5x^3 + x^2 + 5,равномерный,8,100.0,322.6021798877211,335.5144198849553
5x^3 + x^2 + 5,равномерный,9,0.0,410.8158169375671,173.73429497126668
5x^3 + x^2 + 5,равномерный,9,1e-10,411.28073169624423,173.7355274981185
5x^3 + x^2 + 5,равномерный,9,3.1622776601683795e-10,412.28380670291233,173.73819269978242
5x^3 + x^2 + 5,равномерный,9,1e-09,415.4361021236003,173.74662218300472
5x^3 + x^2 + 5,равномерный,9,3.1622776601683795e-09,425.2106491254484,173.7732920847297
5x^3 + x^2 + 5,равномерный,9,1e-08,454.27882273239476,173.85776401901487
5x^3 + x^2 + 5,равномерный,9,3.162277660168379e-08,530.5010480816906,174.12619472051128
5x^3 + x^2 + 5,равномерный,9,1e-07,671.5386769454774,174.9870191805146
5x^3 + x^2 + 5,равномерный,9,3.162277660168379e-07,768.4798987293796,177.79788491433558
5x^3 + x^2 + 5,равномерный,9,1e-06,630.6681491268794,186.88111292510303
5x^3 + x^2 + 5,равномерный,9,3.162277660168379e-06,362.40286799545294,209.80279391878307
5x^3 + x^2 + 5,равномерный,9,1e-05,363.0637285981932,232.65758835271868
5x^3 + x^2 + 5,равномерный,9,3.1622776601683795e-05,554.0293928822964,214.12602157948584
5x^3 + x^2 + 5,равномерный,9,0.0001,672.1254077436004,169.21944430397767
5x^3 + x^2 + 5,равномерный,9,0.00031622776601683794,595.254643177867,138.15673298263982
5x^3 + x^2 + 5,равномерный,9,0.001,396.9182145424164,124.4295401610667
5x^3 + x^2 + 5,равномерный,9,0.0031622776601683794,255.96738176087916,120.89814995924708
5x^3 + x^2 + 5,равномерный,9,0.01,201.97529623898046,120.4802037226685
5x^3 + x^2 + 5,равномерный,9,0.03162277660168379,179.68991091493996,120.57184229986666
5x^3 + x^2 + 5,равномерный,9,0.1,163.8845735905241,121.59142700022946
5x^3 + x^2 + 5,равномерный,9,0.31622776601683794,152.813850926362,125.76468142789076
5x^3 + x^2 + 5,равномерный,9,1.0,148.56347445987018,135.65713941761015
5x^3 + x^2 + 5,равномерный,9,3.1622776601683795,162.26458034884462,157.73677004785722
5x^3 + x^2 + 5,равномерный,9,10.0,219.66294979740087,208.0434778096629
5x^3 + x^2 + 5,равномерный,9,31.622776601683793,283.6701038913378,280.4656914459971
5x^3 + x^2 + 5,равномерный,9,100.0,321.9545088670324,333.8751840828811
5x^3 + x^2 + 5,равномерный,10,0.0,1916.366487064496,222.16241092217481
5x^3 + x^2 + 5,равномерный,10,1e-10,1885.3657806838619,222.17473822531915
5x^3 + x^2 + 5,равномерный,10,3.1622776601683795e-10,1820.4218503443421,222.20137957685344
5x^3 + x^2 + 5,равномерный,10,1e-09,1632.0855365356679,222.28550532079802
5x^3 + x^2 + 5,равномерный,10,3.1622776601683795e-09,1166.2621830951527,222.55032321444654
5x^3 + x^2 + 5,равномерный,10,1e-08,353.4265597198815,223.37586196477417
5x^3 + x^2 + 5,равномерный,10,3.162277660168379e-08,765.0025664598792,225.8741354994152
5x^3 + x^2 + 5,равномерный,10,1e-07,1305.5487479103977,232.82760025445714
5x^3 + x^2 + 5,равномерный,10,3.162277660168379e-07,1549.6445436950812,248.84799626305963
5x^3 + x^2 + 5,равномерный,10,1e-06,1390.9721836311369,277.4939251077545
5x^3 + x^2 + 5,равномерный,10,3.162277660168379e-06,811.9310814894673,320.27423560770706
5x^3 + x^2 + 5,равномерный,10,1e-05,312.50200553486195,361.18380289492967
5x^3 + x^2 + 5,равномерный,10,3.1622776601683795e-05,650.2676660338863,353.6382428873425
5x^3 + x^2 + 5,равномерный,10,0.0001,856.682486379701,277.24676579139
5x^3 + x^2 + 5,равномерный,10,0.00031622776601683794,796.5149719929084,183.62026104835067
5x^3 + x^2 + 5,равномерный,10,0.001,553.1941104858282,134.589428048892
5x^3 + x^2 + 5,равномерный,10,0.0031622776601683794,343.62091489006644,122.53437305627872
5x^3 + x^2 + 5,равномерный,10,0.01,245.74172771335134,120.81721853075697
5x^3 + x^2 + 5,равномерный,10,0.03162277660168379,201.47544985315454,120.64671535186591
5x^3 + x^2 + 5,равномерный,10,0.1,174.11256166543868,121.42379099259482
5x^3 + x^2 + 5,равномерный,10,0.31622776601683794,158.2409940315582,125.37972458556621
5x^3 + x^2 + 5,равномерный,10,1.0,152.56459507610612,135.57042526917257
5x^3 + x^2 + 5,равномерный,10,3.1622776601683795,164.3125695527689,157.61898307830344
5x^3 + x^2 + 5,равномерный,10,10.0,219.55402233484364,207.42965615073098
5x^3 + x^2 + 5,равномерный,10,31.622776601683793,283.26642618864327,279.8844517099457
5x^3 + x^2 + 5,равномерный,10,100.0,321.7301540028433,333.5805739209499
5x^3 + x^2 + 5,равномерный,11,0.0,18834.736418124085,252.22654441647921
5x^3 + x^2 + 5,равномерный,11,1e-10,17709.239707285076,251.88357772388198
5x^3 + x^2 + 5,равномерный,11,3.1622776601683795e-10,15671.44844011976,251.15117397010346
5x^3 + x^2 + 5,равномерный,11,1e-09,11448.887149495073,248.91490119837428
5x^3 + x^2 + 5,равномерный,11,3.1622776601683795e-09,6162.103280129752,242.56184516177984
5x^3 + x^2 + 5,равномерный,11,1e-08,2764.0613099361058,227.7901980804592
5x^3 + x^2 + 5,равномерный,11,3.162277660168379e-08,1615.5223172275157,206.07563275985038
5x^3 + x^2 + 5,равномерный,11,1e-07,1382.5200163296927,191.65481464106819
5x^3 + x^2 + 5,равномерный,11,3.162277660168379e-07,1337.3104315609235,191.65564721641488
5x^3 + x^2 + 5,равномерный,11,1e-06,1172.5780046464665,202.4178789531898
5x^3 + x^2 + 5,равномерный,11,3.162277660168379e-06,741.4542706424464,221.8070874114833
5x^3 + x^2 + 5,равномерный,11,1e-05,334.5838211984269,252.7966836103343
5x^3 + x^2 + 5,равномерный,11,3.1622776601683795e-05,531.6965491827025,273.01449739174114
5x^3 + x^2 + 5,равномерный,11,0.0001,726.4924968570357,236.51247182068434
5x^3 + x^2 + 5,равномерный,11,0.00031622776601683794,696.651032943874,170.1303023079826
5x^3 + x^2 + 5,равномерный,11,0.001,490.3507716958858,132.8796507283628
5x^3 + x^2 + 5,равномерный,11,0.0031622776601683794,310.6044698200145,122.7240103874133
5x^3 + x^2 + 5,равномерный,11,0.01,230.73623343270373,120.95444564018985
5x^3 + x^2 + 5,равномерный,11,0.03162277660168379,194.77820210293717,120.69746060215975
5x^3 + x^2 + 5,равномерный,11,0.1,172.01217359183912,121.42478063853434
5x^3 + x^2 + 5,равномерный,11,0.31622776601683794,158.16474218751515,125.38065487041973
5x^3 + x^2 + 5,равномерный,11,1.0,153.1900625264722,135.66890085784823
5x^3 + x^2 + 5,равномерный,11,3.1622776601683795,163.9906941116465,158.37530907291423
5x^3 + x^2 + 5,равномерный,11,10.0,218.95816663800497,207.4699299441289
5x^3 + x^2 + 5,равномерный,11,31.622776601683793,282.60990722699773,278.3462762594832
5x^3 + x^2 + 5,равномерный,11,100.0,321.3155700116093,332.3835898287295
5x^3 + x^2 + 5,равномерный,12,0.0,152495.707144299,486.0300069653228
5x^3 + x^2 + 5,равномерный,12,1e-10,75685.69197302547,467.77491617366456
5x^3 + x^2 + 5,равномерный,12,3.1622776601683795e-10,39475.38400157193,432.5234676244619
5x^3 + x^2 + 5,равномерный,12,1e-09,17713.512125216217,349.50762998436414
5x^3 + x^2 + 5,равномерный,12,3.1622776601683795e-09,6548.2525119582415,229.14683459249798
5x^3 + x^2 + 5,равномерный,12,1e-08,1751.7729729737416,173.36100927970227
5x^3 + x^2 + 5,равномерный,12,3.162277660168379e-08,841.1729881081553,176.36318839298082
5x^3 + x^2 + 5,равномерный,12,1e-07,1405.763153541043,178.47639191141099
5x^3 + x^2 + 5,равномерный,12,3.162277660168379e-07,1876.5339136066766,188.0798399300367
5x^3 + x^2 + 5,равномерный,12,1e-06,1849.7184636981103,223.46792438778155
5x^3 + x^2 + 5,равномерный,12,3.162277660168379e-06,1282.8535457179246,286.24194110822083
5x^3 + x^2 + 5,равномерный,12,1e-05,468.1845468655404,352.02019163968066
5x^3 + x^2 + 5,равномерный,12,3.1622776601683795e-05,554.5013186638737,390.91478812541817
5x^3 + x^2 + 5,равномерный,12,0.0001,846.3966820084154,355.55894485270636
5x^3 + x^2 + 5,равномерный,12,0.00031622776601683794,835.6697478333608,249.93182049954862
5x^3 + x^2 + 5,равномерный,12,0.001,602.4583291725049,160.3238791879436
5x^3 + x^2 + 5,равномерный,12,0.0031622776601683794,377.1914431902455,128.4645320679917
5x^3 + x^2 + 5,равномерный,12,0.01,265.6431690379285,122.24704381235934
5x^3 + x^2 + 5,равномерный,12,0.03162277660168379,213.10730170704142,121.05718387446181
5x^3 + x^2 + 5,равномерный,12,0.1,180.71396769708596,121.37196107577587
5x^3 + x^2 + 5,равномерный,12,0.31622776601683794,162.54096705145335,125.02615550361475
5x^3 + x^2 + 5,равномерный,12,1.0,156.21701819368616,135.48429566674832
5x^3 + x^2 + 5,равномерный,12,3.1622776601683795,165.76716845657694,158.3649451106229
5x^3 + x^2 + 5,равномерный,12,10.0,219.0195074058848,207.14393769769057
5x^3 + x^2 + 5,равномерный,12,31.622776601683793,282.36984823084003,277.9489296836127
5x^3 + x^2 + 5,равномерный,12,100.0,321.1627898147803,332.1613515473092
5x^3 + x^2 + 5,равномерный,13,0.0,88234.11148527912,3263.981637916005
5x^3 + x^2 + 5,равномерный,13,1e-10,78891.34140907174,2478.549172176875
5x^3 + x^2 + 5,равномерный,13,3.1622776601683795e-10,46487.427594220346,1661.1549795836738
5x^3 + x^2 + 5,равномерный,13,1e-09,26747.46195651125,851.1301172835774
5x^3 + x^2 + 5,равномерный,13,3.1622776601683795e-09,15237.332774910241,351.490574830234
5x^3 + x^2 + 5,равномерный,13,1e-08,7443.573065190591,177.25095382923348
5x^3 + x^2 + 5,равномерный,13,3.162277660168379e-08,3499.9523709990863,179.33196517983433
5x^3 + x^2 + 5,равномерный,13,1e-07,2357.643280628966,177.61523119092536
5x^3 + x^2 + 5,равномерный,13,3.162277660168379e-07,2061.440687045275,175.54800968162397
5x^3 + x^2 + 5,равномерный,13,1e-06,1715.4055403796585,188.55920683942963
5x^3 + x^2 + 5,равномерный,13,3.162277660168379e-06,1122.7348939624046,225.337557824606
5x^3 + x^2 + 5,равномерный,13,1e-05,441.0703798716668,272.0165414020433
5x^3 + x^2 + 5,равномерный,13,3.1622776601683795e-05,508.3864474359974,311.0455546412851
5x^3 + x^2 + 5,равномерный,13,0.0001,763.5301856210867,299.2369804660946
5x^3 + x^2 + 5,равномерный,13,0.00031622776601683794,760.7168560190121,220.2381203944933
5x^3 + x^2 + 5,равномерный,13,0.001,554.583821853497,149.35350316287068
5x^3 + x^2 + 5,равномерный,13,0.0031622776601683794,354.7151136738422,126.03794034914944
5x^3 + x^2 + 5,равномерный,13,0.01,257.36548256918354,121.85089833084453
5x^3 + x^2 + 5,равномерный,13,0.03162277660168379,209.71609782482383,121.00096751098731
5x^3 + x^2 + 5,равномерный,13,0.1,179.8821875358111,121.35878115121227
5x^3 + x^2 + 5,равномерный,13,0.31622776601683794,163.0159829963145,125.03509541625625
5x^3 + x^2 + 5,равномерный,13,1.0,157.08358708070642,135.49635319302683
5x^3 + x^2 + 5,равномерный,13,3.1622776601683795,165.8863279394365,158.89777214742358
5x^3 + x^2 + 5,равномерный,13,10.0,218.83282671005446,207.49250403416846
5x^3 + x^2 + 5,равномерный,13,31.622776601683793,282.0340813717604,276.9736899409911
5x^3 + x^2 + 5,равномерный,13,100.0,320.89632661240154,331.25642501991035
5x^3 + x^2 + 5,равномерный,14,0.0,1098871.7760337107,6593.646879547359
5x^3 + x^2 + 5,равномерный,14,1e-10,158868.8668070696,3452.742530841192
5x^3 + x^2 + 5,равномерный,14,3.1622776601683795e-10,98458.83199839547,2191.2781666183646
5x^3 + x^2 + 5,равномерный,14,1e-09,48136.938430897404,1245.8689814319177
5x^3 + x^2 + 5,равномерный,14,3.1622776601683795e-09,20535.344676416975,703.9457592832501
5x^3 + x^2 + 5,равномерный,14,1e-08,7437.709469668725,390.7506766327194
5x^3 + x^2 + 5,равномерный,14,3.162277660168379e-08,2417.68554627493,226.1339941197628
5x^3 + x^2 + 5,равномерный,14,1e-07,1706.5621016701093,184.57578778285642
5x^3 + x^2 + 5,равномерный,14,3.162277660168379e-07,2146.0196997668936,175.8567062471332
5x^3 + x^2 + 5,равномерный,14,1e-06,2160.4913974085034,177.744792754414
5x^3 + x^2 + 5,равномерный,14,3.162277660168379e-06,1573.0144397079316,241.25080171604878
5x^3 + x^2 + 5,равномерный,14,1e-05,646.8127038203113,339.14751770518467
5x^3 + x^2 + 5,равномерный,14,3.1622776601683795e-05,492.71406136095663,408.4820666095837
5x^3 + x^2 + 5,равномерный,14,0.0001,842.1733360342787,406.29790068513876
5x^3 + x^2 + 5,равномерный,14,0.00031622776601683794,858.943000525066,309.68662328230505
5x^3 + x^2 + 5,равномерный,14,0.001,635.3440434739371,192.01934868051723
5x^3 + x^2 + 5,равномерный,14,0.0031622776601683794,404.39128859805203,137.0654986221593
5x^3 + x^2 + 5,равномерный,14,0.01,284.48790645204156,124.4592697960664
5x^3 + x^2 + 5,равномерный,14,0.03162277660168379,224.58660357568323,121.72560580483051
5x^3 + x^2 + 5,равномерный,14,0.1,187.07947404826882,121.42398324941004
5x^3 + x^2 + 5,равномерный,14,0.31622776601683794,166.53052385557186,124.73001867594205
5x^3 + x^2 + 5,равномерный,14,1.0,159.40733811314476,135.25661066229182
5x^3 + x^2 + 5,равномерный,14,3.1622776601683795,167.35135844226377,158.9019136130729
5x^3 + x^2 + 5,равномерный,14,10.0,218.9721243019078,207.32178034843102
5x^3 + x^2 + 5,равномерный,14,31.622776601683793,281.8984162191869,276.6966840600347
5x^3 + x^2 + 5,равномерный,14,100.0,320.79195625492594,331.08424983222596
5x^3 + x^2 + 5,равномерный,15,0.0,9799299.252313213,34657.63637069273
5x^3 + x^2 + 5,равномерный,15,1e-10,143017.005967789,5809.816108931228
5x^3 + x^2 + 5,равномерный,15,3.1622776601683795e-10,94275.7775741698,4222.389853594341
5x^3 + x^2 + 5,равномерный,15,1e-09,50620.58103847648,2735.3429778180766
5x^3 + x^2 + 5,равномерный,15,3.1622776601683795e-09,25716.641034522214,1411.1520374965885
5x^3 + x^2 + 5,равномерный,15,1e-08,12385.396945091647,603.0915271974224
5x^3 + x^2 + 5,равномерный,15,3.162277660168379e-08,5591.947642215163,256.0129513551331
5x^3 + x^2 + 5,равномерный,15,1e-07,3241.987471844429,182.0699974484039
5x^3 + x^2 + 5,равномерный,15,3.162277660168379e-07,2673.3447616319254,176.8878778110245
5x^3 + x^2 + 5,равномерный,15,1e-06,2174.887334190723,174.9300896401487
5x^3 + x^2 + 5,равномерный,15,3.162277660168379e-06,1416.4661868578105,208.72777551515944
5x^3 + x^2 + 5,равномерный,15,1e-05,559.1417945249389,282.7873891954446
5x^3 + x^2 + 5,равномерный,15,3.1622776601683795e-05,484.59709974614816,343.21815094583
5x^3 + x^2 + 5,равномерный,15,0.0001,794.617416360173,350.7412676221214
5x^3 + x^2 + 5,равномерный,15,0.00031622776601683794,808.1352961521072,273.54115741373914
5x^3 + x^2 + 5,равномерный,15,0.001,602.753764741157,174.04156063801716
5x^3 + x^2 + 5,равномерный,15,0.0031622776601683794,391.4638664899462,131.354128014507
5x^3 + x^2 + 5,равномерный,15,0.01,281.57833880545934,123.15145077916578
5x^3 + x^2 + 5,равномерный,15,0.03162277660168379,223.87859615807633,121.45007552130076
5x^3 + x^2 + 5,равномерный,15,0.1,187.25849387242403,121.36822712684828
5x^3 + x^2 + 5,равномерный,15,0.31622776601683794,167.31471261095822,124.74021338832318
5x^3 + x^2 + 5,равномерный,15,1.0,160.3324134465149,135.23367294177092
5x^3 + x^2 + 5,равномерный,15,3.1622776601683795,167.6906282938864,159.26926552818804
5x^3 + x^2 + 5,равномерный,15,10.0,219.02805514263235,207.79396836616664
5x^3 + x^2 + 5,равномерный,15,31.622776601683793,281.7657987418216,276.0838705401013
5x^3 + x^2 + 5,равномерный,15,100.0,320.6236990276877,330.38335682940294
5x^3 + x^2 + 5,нормальный,0,0.0,387.56605618533024,373.0768528096219
5x^3 + x^2 + 5,нормальный,0,1e-10,387.56605618533024,373.0768528096219
5x^3 + x^2 + 5,нормальный,0,3.1622776601683795e-10,387.56605618533024,373.0768528096219
5x^3 + x^2 + 5,нормальный,0,1e-09,387.56605618533024,373.0768528096219
5x^3 + x^2 + 5,нормальный,0,3.1622776601683795e-09,387.56605618533024,373.0768528096219
5x^3 + x^2 + 5,нормальный,0,1e-08,387.56605618533024,373.0768528096219
5x^3 + x^2 + 5,нормальный,0,3.162277660168379e-08,387.56605618533024,373.0768528096219
5x^3 + x^2 + 5,нормальный,0,1e-07,387.56605618533024,373.0768528096219
5x^3 + x^2 + 5,нормальный,0,3.162277660168379e-07,387.56605618533024,373.0768528096219
5x^3 + x^2 + 5,нормальный,0,1e-06,387.56605618533024,373.0768528096219
5x^3 + x^2 + 5,нормальный,0,3.162277660168379e-06,387.56605618533024,373.0768528096219
5x^3 + x^2 + 5,нормальный,0,1e-05,387.56605618533024,373.0768528096219
5x^3 + x^2 + 5,нормальный,0,3.1622776601683795e-05,387.56605618533024,373.0768528096219
5x^3 + x^2 + 5,нормальный,0,0.0001,387.56605618533024,373.0768528096219
5x^3 + x^2 + 5,нормальный,0,0.00031622776601683794,387.56605618533024,373.0768528096219
5x^3 + x^2 + 5,нормальный,0,0.001,387.56605618533024,373.0768528096219
5x^3 + x^2 + 5,нормальный,0,0.0031622776601683794,387.56605618533024,373.0768528096219
5x^3 + x^2 + 5,нормальный,0,0.01,387.56605618533024,373.0768528096219
5x^3 + x^2 + 5,нормальный,0,0.03162277660168379,387.56605618533024,373.0768528096219
5x^3 + x^2 + 5,нормальный,0,0.1,387.56605618533024,373.0768528096219
5x^3 + x^2 + 5,нормальный,0,0.31622776601683794,387.56605618533024,373.0768528096219
5x^3 + x^2 + 5,нормальный,0,1.0,387.56605618533024,373.0768528096219
5x^3 + x^2 + 5,нормальный,0,3.1622776601683795,387.56605618533024,373.0768528096219
5x^3 + x^2 + 5,нормальный,0,10.0,387.56605618533024,373.0768528096219
5x^3 + x^2 + 5,нормальный,0,31.622776601683793,387.56605618533024,373.0768528096219
5x^3 + x^2 + 5,нормальный,0,100.0,387.56605618533024,373.0768528096219
5x^3 + x^2 + 5,нормальный,1,0.0,181.7674809650483,212.88004680690244
5x^3 + x^2 + 5,нормальный,1,1e-10,181.76748096563765,212.88004680504616
5x^3 + x^2 + 5,нормальный,1,3.1622776601683795e-10,181.76748096691193,212.88004680103236
5x^3 + x^2 + 5,нормальный,1,1e-09,181.76748097094173,212.88004678833963
5x^3 + x^2 + 5,нормальный,1,3.1622776601683795e-09,181.76748098368495,212.88004674820166
5x^3 + x^2 + 5,нормальный,1,1e-08,181.7674810239826,212.88004662127415
5x^3 + x^2 + 5,нормальный,1,3.162277660168379e-08,181.7674811514149,212.88004621989415
5x^3 + x^2 + 5,нормальный,1,1e-07,181.76748155439142,212.8800449506193
5x^3 + x^2 + 5,нормальный,1,3.162277660168379e-07,181.76748282871566,212.8800409368203
5x^3 + x^2 + 5,нормальный,1,1e-06,181.7674868584882,212.88002824407897
5x^3 + x^2 + 5,нормальный,1,3.162277660168379e-06,181.7674996018045,212.87998810616216
5x^3 + x^2 + 5,нормальный,1,1e-05,181.7675399002738,212.87986117948
5x^3 + x^2 + 5,нормальный,1,3.1622776601683795e-05,181.76766734087255,212.87945980762436
5x^3 + x^2 + 5,нормальный,1,0.0001,181.76807039992337,212.87819061392798
5x^3 + x^2 + 5,нормальный,1,0.00031622776601683794,181.7693455493997,212.87417762658526
5x^3 + x^2 + 5,нормальный,1,0.001,181.77338357203112,212.861493000677
5x^3 + x^2 + 5,нормальный,1,0.0031622776601683794,181.78620930070343,212.82143620363132
5x^3 + x^2 + 5,нормальный,1,0.01,181.8273291120152,212.6953196285083
5x^3 + x^2 + 5,нормальный,1,0.03162277660168379,181.9628958756564,212.3020144472908
5x^3 + x^2 + 5,нормальный,1,0.1,182.44452725108266,211.1124095449209
5x^3 + x^2 + 5,нормальный,1,0.31622776601683794,184.4268042334208,207.86218204311626
5x^3 + x^2 + 5,нормальный,1,1.0,193.58159126720753,201.84988241662484
5x^3 + x^2 + 5,нормальный,1,3.1622776601683795,227.2287595241326,206.38926922239523
5x^3 + x^2 + 5,нормальный,1,10.0,290.67149373704694,253.96771598113332
5x^3 + x^2 + 5,нормальный,1,31.622776601683793,345.5639544121185,316.4191577731097
5x^3 + x^2 + 5,нормальный,1,100.0,372.5817061021059,352.08567884042697
5x^3 + x^2 + 5,нормальный,2,0.0,106.93826460174004,122.16112478991836
5x^3 + x^2 + 5,нормальный,2,1e-10,106.93826460290003,122.161124789299
5x^3 + x^2 + 5,нормальный,2,3.1622776601683795e-10,106.93826460540836,122.16112478795974
5x^3 + x^2 + 5,нормальный,2,1e-09,106.93826461334011,122.16112478372463
5x^3 + x^2 + 5,нормальный,2,3.1622776601683795e-09,106.93826463842272,122.16112477033204
5x^3 + x^2 + 5,нормальный,2,1e-08,106.93826471774082,122.16112472798096
5x^3 + x^2 + 5,нормальный,2,3.162277660168379e-08,106.9382649685668,122.16112459405502
5x^3 + x^2 + 5,нормальный,2,1e-07,106.93826576174861,122.16112417054433
5x^3 + x^2 + 5,нормальный,2,3.162277660168379e-07,106.93826827001404,122.16112283128744
5x^3 + x^2 + 5,нормальный,2,1e-06,106.93827620188895,122.16111859620122
5x^3 + x^2 + 5,нормальный,2,3.162277660168379e-06,106.93830128511243,122.16110520384228
5x^3 + x^2 + 5,нормальный,2,1e-05,106.93838060955636,122.16106285508003
5x^3 + x^2 + 5,нормальный,2,3.1622776601683795e-05,106.9386314987361,122.16092895248724
5x^3 + x^2 + 5,нормальный,2,0.0001,106.93942531252996,122.1605056748176
5x^3 + x^2 + 5,нормальный,2,0.00031622776601683794,106.94193989497963,122.15916874799467
5x^3 + x^2 + 5,нормальный,2,0.001,106.94993484799843,122.15495694892074
5x^3 + x^2 + 5,нормальный,2,0.0031622776601683794,106.97564594484516,122.14179703310003
5x^3 + x^2 + 5,нормальный,2,0.01,107.06115846028493,122.10175924466458
5x^3 + x^2 + 5,нормальный,2,0.03162277660168379,107.37118150214182,121.99054874363985
5x^3 + x^2 + 5,нормальный,2,0.1,108.67945136643414,121.78173490672539
5x^3 + x^2 + 5,нормальный,2,0.31622776601683794,114.61012286570596,122.25921565373905
5x^3 + x^2 + 5,нормальный,2,1.0,135.94177063147822,129.7597205662694
5x^3 + x^2 + 5,нормальный,2,3.1622776601683795,190.7669080311714,164.32768311889896
5x^3 + x^2 + 5,нормальный,2,10.0,273.9327489039219,238.2187591374129
5x^3 + x^2 + 5,нормальный,2,31.622776601683793,339.2303480905431,311.1733260223133
5x^3 + x^2 + 5,нормальный,2,100.0,370.4226443268315,350.3589658553949
5x^3 + x^2 + 5,нормальный,3,0.0,108.18048021529937,126.86247305534361
5x^3 + x^2 + 5,нормальный,3,1e-10,108.18048021551797,126.86247305501274
5x^3 + x^2 + 5,нормальный,3,3.1622776601683795e-10,108.18048021599066,126.8624730542974
5x^3 + x^2 + 5,нормальный,3,1e-09,108.18048021748523,126.86247305203514
5x^3 + x^2 + 5,нормальный,3,3.1622776601683795e-09,108.18048022221176,126.86247304488131
5x^3 + x^2 + 5,нормальный,3,1e-08,108.18048023715824,126.8624730222589
5x^3 + x^2 + 5,нормальный,3,3.162277660168379e-08,108.18048028442313,126.86247295072063
5x^3 + x^2 + 5,нормальный,3,1e-07,108.18048043388887,126.86247272449685
5x^3 + x^2 + 5,нормальный,3,3.162277660168379e-07,108.18048090654838,126.86247200911578
5x^3 + x^2 + 5,нормальный,3,1e-06,108.18048240130466,126.8624697468961
5x^3 + x^2 + 5,нормальный,3,3.162277660168379e-06,108.18048712889527,126.86246259326667
5x^3 + x^2 + 5,нормальный,3,1e-05,108.1805020864119,126.86243997287875
5x^3 + x^2 + 5,нормальный,3,3.1622776601683795e-05,108.18054946184046,126.86236845467661
5x^3 + x^2 + 5,нормальный,3,0.0001,108.18070003165083,126.86214243170312
5x^3 + x^2 + 5,нормальный,3,0.00031622776601683794,108.18118371412864,126.8614290582895
5x^3 + x^2 + 5,нормальный,3,0.001,108.18278812202134,126.85918690043226
5x^3 + x^2 + 5,нормальный,3,0.0031622776601683794,108.18859441705835,126.85223343694943
5x^3 + x^2 + 5,нормальный,3,0.01,108.2138184574131,126.83160048978826
5x^3 + x^2 + 5,нормальный,3,0.03162277660168379,108.35073692785336,126.77951648372587
5x^3 + x^2 + 5,нормальный,3,0.1,109.1595265551363,126.73480587695573
5x^3 + x^2 + 5,нормальный,3,0.31622776601683794,113.54218466497696,127.4976007718625
5x^3 + x^2 + 5,нормальный,3,1.0,131.35759338758982,133.93282921636091
5x^3 + x^2 + 5,нормальный,3,3.1622776601683795,178.81863388874672,158.9325079533803
5x^3 + x^2 + 5,нормальный,3,10.0,257.8740372711768,219.3992064188039
5x^3 + x^2 + 5,нормальный,3,31.622776601683793,328.83997341828837,295.46036628053565
5x^3 + x^2 + 5,нормальный,3,100.0,366.0680027096605,343.17661879754434
5x^3 + x^2 + 5,нормальный,4,0.0,123.36296685368072,129.8241964697193
5x^3 + x^2 + 5,нормальный,4,1e-10,123.36296664673125,129.82419646844815
5x^3 + x^2 + 5,нормальный,4,3.1622776601683795e-10,123.36296619924865,129.82419646569963
5x^3 + x^2 + 5,нормальный,4,1e-09,123.36296478418444,129.82419645700793
5x^3 + x^2 + 5,нормальный,4,3.1622776601683795e-09,123.3629603093602,129.82419642952243
5x^3 + x^2 + 5,нормальный,4,1e-08,123.36294615873234,129.82419634260563
5x^3 + x^2 + 5,нормальный,4,3.162277660168379e-08,123.36290141061968,129.82419606775073
5x^3 + x^2 + 5,нормальный,4,1e-07,123.36275990567488,129.82419519858382
5x^3 + x^2 + 5,нормальный,4,3.162277660168379e-07,123.36231243786422,129.82419245004382
5x^3 + x^2 + 5,нормальный,4,1e-06,123.36089752155581,129.8241837584684
5x^3 + x^2 + 5,нормальный,4,3.162277660168379e-06,123.35642417460129,129.82415627400437
5x^3 + x^2 + 5,нормальный,4,1e-05,123.34228831475272,129.82406936760518
5x^3 + x^2 + 5,нормальный,4,3.1622776601683795e-05,123.29768761724843,129.82379461649143
5x^3 + x^2 + 5,нормальный,4,0.0001,123.15764856434453,129.82292648690483
5x^3 + x^2 + 5,нормальный,4,0.00031622776601683794,122.72458415650776,129.82018829264052
5x^3 + x^2 + 5,нормальный,4,0.001,121.44614588468248,129.81159931571014
5x^3 + x^2 + 5,нормальный,4,0.0031622776601683794,118.14119421377968,129.78511459922368
5x^3 + x^2 + 5,нормальный,4,0.01,111.94741542246034,129.7074575795635
5x^3 + x^2 + 5,нормальный,4,0.03162277660168379,105.44337479895633,129.50752281615013
5x^3 + x^2 + 5,нормальный,4,0.1,102.46346537248633,129.10885079379003
5x^3 + x^2 + 5,нормальный,4,0.31622776601683794,104.90268359703404,128.64930916130905
5x^3 + x^2 + 5,нормальный,4,1.0,120.25759145188547,130.42668757746654
5x^3 + x^2 + 5,нормальный,4,3.1622776601683795,166.7176971485953,149.20015949011108
5x^3 + x^2 + 5,нормальный,4,10.0,249.1579826564288,211.7147139514343
5x^3 + x^2 + 5,нормальный,4,31.622776601683793,324.6704466823311,291.9572062331912
5x^3 + x^2 + 5,нормальный,4,100.0,364.50691095122164,341.8718684708697
5x^3 + x^2 + 5,нормальный,5,0.0,196.4466482453914,128.49499452396924
5x^3 + x^2 + 5,нормальный,5,1e-10,196.4466435925114,128.49499452709716
5x^3 + x^2 + 5,нормальный,5,3.1622776601683795e-10,196.4466335316863,128.49499453386065
5x^3 + x^2 + 5,нормальный,5,1e-09,196.44660171658145,128.49499455524844
5x^3 + x^2 + 5,нормальный,5,3.1622776601683795e-09,196.4465011085756,128.4949946228829
5x^3 + x^2 + 5,нормальный,5,1e-08,196.4461829599216,128.49499483676132
5x^3 + x^2 + 5,нормальный,5,3.162277660168379e-08,196.44517690370358,128.49499551310305
5x^3 + x^2 + 5,нормальный,5,1e-07,196.44199565599814,128.49499765186835
5x^3 + x^2 + 5,нормальный,5,3.162277660168379e-07,196.4319374811398,128.495004415088
5x^3 + x^2 + 5,нормальный,5,1e-06,196.40014886495692,128.49502580076805
5x^3 + x^2 + 5,нормальный,5,3.162277660168379e-06,196.2998053254646,128.49509341324182
5x^3 + x^2 + 5,нормальный,5,1e-05,195.98428868871196,128.49530707291547
5x^3 + x^2 + 5,нормальный,5,3.1622776601683795e-05,195.0041586935791,128.49598122990153
5x^3 + x^2 + 5,нормальный,5,0.0001,192.07042392188015,128.49809825939576
5x^3 + x^2 + 5,нормальный,5,0.00031622776601683794,184.1746448165619,128.50464757641078
5x^3 + x^2 + 5,нормальный,5,0.001,167.72893483796906,128.52399712822998
5x^3 + x^2 + 5,нормальный,5,0.0031622776601683794,145.5067517471902,128.57397485276323
5x^3 + x^2 + 5,нормальный,5,0.01,125.70403669186514,128.66542368295134
5x^3 + x^2 + 5,нормальный,5,0.03162277660168379,112.65542660251171,128.7505254848429
5x^3 + x^2 + 5,нормальный,5,0.1,107.80277566928012,128.8435533860513
5x^3 + x^2 + 5,нормальный,5,0.31622776601683794,110.18714814938976,129.4713359432488
5x^3 + x^2 + 5,нормальный,5,1.0,123.24342477870846,133.1133682911612
5x^3 + x^2 + 5,нормальный,5,3.1622776601683795,164.74737864189535,150.91249228302303
5x^3 + x^2 + 5,нормальный,5,10.0,243.79632072731314,206.17867996823304
5x^3 + x^2 + 5,нормальный,5,31.622776601683793,320.289213382463,284.75551082814246
5x^3 + x^2 + 5,нормальный,5,100.0,362.47471190511715,338.07925178175026
5x^3 + x^2 + 5,нормальный,6,0.0,255.98933347336543,140.72045899743796
5x^3 + x^2 + 5,нормальный,6,1e-10,255.98930199760343,140.72045835912778
5x^3 + x^2 + 5,нормальный,6,3.1622776601683795e-10,255.98923393828963,140.720456978925
5x^3 + x^2 + 5,нормальный,6,1e-09,255.9890187164959,140.72045261435
5x^3 + x^2 + 5,нормальный,6,3.1622776601683795e-09,255.98833813192255,140.7204388123738
5x^3 + x^2 + 5,нормальный,6,1e-08,255.98618599936586,140.72039516688722
5x^3 + x^2 + 5,нормальный,6,3.162277660168379e-08,255.97938100787943,140.72025714978506
5x^3 + x^2 + 5,нормальный,6,1e-07,255.9578682233649,140.71982072180492
5x^3 + x^2 + 5,нормальный,6,3.162277660168379e-07,255.88990363591765,140.71844081949484
5x^3 + x^2 + 5,нормальный,6,1e-06,255.67562660431432,140.71407922575932
5x^3 + x^2 + 5,нормальный,6,3.162277660168379e-06,255.0044117451489,140.70030702994276
5x^3 + x^2 + 5,нормальный,6,1e-05,252.94359193817314,140.65695831232756
5x^3 + x^2 + 5,нормальный,6,3.1622776601683795e-05,246.98344717472133,140.52187571010174
5x^3 + x^2 + 5,нормальный,6,0.0001,232.287551150188,140.11378675396665
5x^3 + x^2 + 5,нормальный,6,0.00031622776601683794,206.18369939594476,138.98925567617343
5x^3 + x^2 + 5,нормальный,6,0.001,175.7682532983349,136.55800586173336
5x^3 + x^2 + 5,нормальный,6,0.0031622776601683794,149.35514898307045,133.35862530908116
5x^3 + x^2 + 5,нормальный,6,0.01,128.64793197233627,131.26390575547362
5x^3 + x^2 + 5,нормальный,6,0.03162277660168379,112.97359984197203,130.67168297274452
5x^3 + x^2 + 5,нормальный,6,0.1,105.18609579497927,130.97307350207305
5x^3 + x^2 + 5,нормальный,6,0.31622776601683794,105.92458052578908,131.96048287834245
5x^3 + x^2 + 5,нормальный,6,1.0,117.91790104822572,134.76177799268206
5x^3 + x^2 + 5,нормальный,6,3.1622776601683795,159.13537965891334,149.24099809317116
5x^3 + x^2 + 5,нормальный,6,10.0,239.09228806859596,202.72342341199675
5x^3 + x^2 + 5,нормальный,6,31.622776601683793,317.6540712713464,282.5763288899815
5x^3 + x^2 + 5,нормальный,6,100.0,361.4124886383286,337.16523625233066
5x^3 + x^2 + 5,нормальный,7,0.0,612.1327679590516,152.09041824665
5x^3 + x^2 + 5,нормальный,7,1e-10,612.1309943245891,152.09041119995905
5x^3 + x^2 + 5,нормальный,7,3.1622776601683795e-10,612.127159299161,152.09039596306727
5x^3 + x^2 + 5,нормальный,7,1e-09,612.1150324564717,152.09034778011682
5x^3 + x^2 + 5,нормальный,7,3.1622776601683795e-09,612.0766897490319,152.0901954142368
5x^3 + x^2 + 5,нормальный,7,1e-08,611.9554968005449,152.08971361173715
5x^3 + x^2 + 5,нормальный,7,3.162277660168379e-08,611.5728234760859,152.08819022563176
5x^3 + x^2 + 5,нормальный,7,1e-07,610.3683989922472,152.08337492619336
5x^3 + x^2 + 5,нормальный,7,3.162277660168379e-07,606.6157062883897,152.0681682847236
5x^3 + x^2 + 5,нормальный,7,1e-06,595.2814501540603,152.02028638052502
5x^3 + x^2 + 5,нормальный,7,3.162277660168379e-06,564.0217872861033,151.87089638481436
5x^3 + x^2 + 5,нормальный,7,1e-05,495.5500151585576,151.41779948661218
5x^3 + x^2 + 5,нормальный,7,3.1622776601683795e-05,398.2663903850668,150.1523661995482
5x^3 + x^2 + 5,нормальный,7,0.0001,313.5308249509927,147.28015273841314
5x^3 + x^2 + 5,нормальный,7,0.00031622776601683794,253.99965642593332,142.78153884584182
5x^3 + x^2 + 5,нормальный,7,0.001,210.15305743151742,137.85182047115794
5x^3 + x^2 + 5,нормальный,7,0.0031622776601683794,173.46310988893845,133.5556195943453
5x^3 + x^2 + 5,нормальный,7,0.01,141.6829008698118,131.0703925456155
5x^3 + x^2 + 5,нормальный,7,0.03162277660168379,119.3898404491072,130.33908880354926
5x^3 + x^2 + 5,нормальный,7,0.1,109.30370786073577,130.6372484225807
5x^3 + x^2 + 5,нормальный,7,0.31622776601683794,110.02831666170346,131.79400504207456
5x^3 + x^2 + 5,нормальный,7,1.0,121.1151228479072,135.49024303779404
5x^3 + x^2 + 5,нормальный,7,3.1622776601683795,159.26385174682227,150.94348109310647
5x^3 + x^2 + 5,нормальный,7,10.0,237.05313023505443,201.05832305825086
5x^3 + x^2 + 5,нормальный,7,31.622776601683793,315.46053982032527,278.6264329054226
5x^3 + x^2 + 5,нормальный,7,100.0,360.27493421200114,334.7693532202113
5x^3 + x^2 + 5,нормальный,8,0.0,688.2728459027951,166.1512680799243
5x^3 + x^2 + 5,нормальный,8,1e-10,688.2672731335969,166.1512293605153
5x^3 + x^2 + 5,нормальный,8,3.1622776601683795e-10,688.2552253292425,166.1511456391372
5x^3 + x^2 + 5,нормальный,8,1e-09,688.2171455383074,166.15088089493358
5x^3 + x^2 + 5,нормальный,8,3.1622776601683795e-09,688.0969135635067,166.15004376252762
5x^3 + x^2 + 5,нормальный,8,1e-08,687.7185616675802,166.14739713954043
5x^3 + x^2 + 5,нормальный,8,3.162277660168379e-08,686.5402328684688,166.13903399810823
5x^3 + x^2 + 5,нормальный,8,1e-07,682.9828191442717,166.11264939788262
5x^3 + x^2 + 5,нормальный,8,3.162277660168379e-07,673.1050345745164,166.02982815118887
5x^3 + x^2 + 5,нормальный,8,1e-06,649.9483470345069,165.77389526633803
5x^3 + x^2 + 5,нормальный,8,3.162277660168379e-06,604.7805765826538,165.0193330317478
5x^3 + x^2 + 5,нормальный,8,1e-05,526.6072585190043,163.0604829949918
5x^3 + x^2 + 5,нормальный,8,3.1622776601683795e-05,425.12863321162297,159.16935709448083
5x^3 + x^2 + 5,нормальный,8,0.0001,338.97731991801845,153.73623227627155
5x^3 + x^2 + 5,нормальный,8,0.00031622776601683794,274.55852120764996,148.03857808522494
5x^3 + x^2 + 5,нормальный,8,0.001,219.74146785527014,143.02262047319425
5x^3 + x^2 + 5,нормальный,8,0.0031622776601683794,175.76793623945602,138.18311475774382
5x^3 + x^2 + 5,нормальный,8,0.01,142.79813262677726,133.93706021575048
5x^3 + x^2 + 5,нормальный,8,0.03162277660168379,119.8221094509249,131.89936025815746
5x^3 + x^2 + 5,нормальный,8,0.1,108.17412292086381,131.91082281287697
5x^3 + x^2 + 5,нормальный,8,0.31622776601683794,107.7797396578333,133.4292936925635
5x^3 + x^2 + 5,нормальный,8,1.0,118.0395475552161,137.28575854391292
5x^3 + x^2 + 5,нормальный,8,3.1622776601683795,156.18324743485184,151.2945675704477
5x^3 + x^2 + 5,нормальный,8,10.0,234.3826764965594,199.5367662845355
5x^3 + x^2 + 5,нормальный,8,31.622776601683793,313.76050158354667,277.2398152635611
5x^3 + x^2 + 5,нормальный,8,100.0,359.5403766367561,334.1142796526265
5x^3 + x^2 + 5,нормальный,9,0.0,6908.710358215396,208.7651296382624
5x^3 + x^2 + 5,нормальный,9,1e-10,6904.162540488585,208.76433050606713
5x^3 + x^2 + 5,нормальный,9,3.1622776601683795e-10,6894.34762246357,208.7626026664032
5x^3 + x^2 + 5,нормальный,9,1e-09,6863.477694134201,208.75713967723786
5x^3 + x^2 + 5,нормальный,9,3.1622776601683795e-09,6767.503786485072,208.73987341726146
5x^3 + x^2 + 5,нормальный,9,1e-08,6479.557294771479,208.68536478544425
5x^3 + x^2 + 5,нормальный,9,3.162277660168379e-08,5700.420128399713,208.51390880812423
5x^3 + x^2 + 5,нормальный,9,1e-07,4072.732094800684,207.98070606038675
5x^3 + x^2 + 5,нормальный,9,3.162277660168379e-07,1977.3928127848255,206.37950648521274
5x^3 + x^2 + 5,нормальный,9,1e-06,505.6653803003849,202.03356651995404
5x^3 + x^2 + 5,нормальный,9,3.162277660168379e-06,351.41595025105204,192.84638105721092
5x^3 + x^2 + 5,нормальный,9,1e-05,502.22935198491143,180.38406957485162
5x^3 + x^2 + 5,нормальный,9,3.1622776601683795e-05,471.0176432722721,169.63347375313737
5x^3 + x^2 + 5,нормальный,9,0.0001,383.80610708476604,161.68065783567351
5x^3 + x^2 + 5,нормальный,9,0.00031622776601683794,304.9208970158392,154.4256572305627
5x^3 + x^2 + 5,нормальный,9,0.001,242.0646306475166,146.68941794482404
5x^3 + x^2 + 5,нормальный,9,0.0031622776601683794,192.38417951283563,139.54828993406016
5x^3 + x^2 + 5,нормальный,9,0.01,152.3522408342666,134.301966279723
5x^3 + x^2 + 5,нормальный,9,0.03162277660168379,124.31488678694375,131.95421594629667
5x^3 + x^2 + 5,нормальный,9,0.1,111.02998889156568,131.86980354440794
5x^3 + x^2 + 5,нормальный,9,0.31622776601683794,110.73680825102547,133.29787433697123
5x^3 + x^2 + 5,нормальный,9,1.0,120.72990152596708,137.37717351946853
5x^3 + x^2 + 5,нормальный,9,3.1622776601683795,156.7931368590104,152.4039365688855
5x^3 + x^2 + 5,нормальный,9,10.0,233.7087132992272,199.2429518172547
5x^3 + x^2 + 5,нормальный,9,31.622776601683793,312.61490245286035,274.87151114533674
5x^3 + x^2 + 5,нормальный,9,100.0,358.8533255677609,332.44985945300886
5x^3 + x^2 + 5,нормальный,10,0.0,9056.347177296715,223.658586124939
5x^3 + x^2 + 5,нормальный,10,1e-10,9025.727586652025,223.6545128428346
5x^3 + x^2 + 5,нормальный,10,3.1622776601683795e-10,8961.327979378431,223.64571095783353
5x^3 + x^2 + 5,нормальный,10,1e-09,8772.441768115848,223.61792769250192
5x^3 + x^2 + 5,нормальный,10,3.1622776601683795e-09,8287.864450669536,223.53057371101846
5x^3 + x^2 + 5,нормальный,10,1e-08,7334.8041426682785,223.2592656821564
5x^3 + x^2 + 5,нормальный,10,3.162277660168379e-08,5910.140920924383,222.44725571771647
5x^3 + x^2 + 5,нормальный,10,1e-07,3947.1066649403606,220.25328787540388
5x^3 + x^2 + 5,нормальный,10,3.162277660168379e-07,1768.2174548802327,215.50954374557932
5x^3 + x^2 + 5,нормальный,10,1e-06,320.05289294592274,207.7976440355501
5x^3 + x^2 + 5,нормальный,10,3.162277660168379e-06,511.0512368493909,197.04315972895515
5x^3 + x^2 + 5,нормальный,10,1e-05,588.7987059208348,184.85208620019787
5x^3 + x^2 + 5,нормальный,10,3.1622776601683795e-05,513.4100977562982,175.05950709376594
5x^3 + x^2 + 5,нормальный,10,0.0001,409.3511158282261,167.21466968732773
5x^3 + x^2 + 5,нормальный,10,0.00031622776601683794,322.07606680465574,159.09031356375178
5x^3 + x^2 + 5,нормальный,10,0.001,249.73464992790736,150.76036956046295
5x^3 + x^2 + 5,нормальный,10,0.0031622776601683794,193.20135586085684,143.26710402239289
5x^3 + x^2 + 5,нормальный,10,0.01,152.12085091682474,136.94622077389184
5x^3 + x^2 + 5,нормальный,10,0.03162277660168379,124.41534088241247,133.32171162944505
5x^3 + x^2 + 5,нормальный,10,0.1,110.5820763297327,132.72066993712002
5x^3 + x^2 + 5,нормальный,10,0.31622776601683794,109.65327365593957,134.28900066230509
5x^3 + x^2 + 5,нормальный,10,1.0,119.01279969350301,138.70548448909346
5x^3 + x^2 + 5,нормальный,10,3.1622776601683795,154.99886282662655,153.18420638850336
5x^3 + x^2 + 5,нормальный,10,10.0,232.17891680481358,198.63571113276336
5x^3 + x^2 + 5,нормальный,10,31.622776601683793,311.5069774092084,273.9711620159473
5x^3 + x^2 + 5,нормальный,10,100.0,358.33674141027075,331.9670008805764
5x^3 + x^2 + 5,нормальный,11,0.0,54167.56795208298,1184.7857417820064
5x^3 + x^2 + 5,нормальный,11,1e-10,51728.30283546993,1180.3521255692488
5x^3 + x^2 + 5,нормальный,11,3.1622776601683795e-10,47289.801552900615,1170.8648687153466
5x^3 + x^2 + 5,нормальный,11,1e-09,37958.75159628976,1141.7303894036468
5x^3 + x^2 + 5,нормальный,11,3.1622776601683795e-09,25704.333972653232,1057.4792635492418
5x^3 + x^2 + 5,нормальный,11,1e-08,16509.814310247013,851.0269529739751
5x^3 + x^2 + 5,нормальный,11,3.162277660168379e-08,11661.729125552578,502.7151714294055
5x^3 + x^2 + 5,нормальный,11,1e-07,8611.701944136545,196.64532357884502
5x^3 + x^2 + 5,нормальный,11,3.162277660168379e-07,5375.953211488451,154.31296217453595
5x^3 + x^2 + 5,нормальный,11,1e-06,2277.574352467377,190.10685622093138
5x^3 + x^2 + 5,нормальный,11,3.162277660168379e-06,510.20251985087873,200.64650910730498
5x^3 + x^2 + 5,нормальный,11,1e-05,366.2851371233444,196.54211731596197
5x^3 + x^2 + 5,нормальный,11,3.1622776601683795e-05,464.91308888738394,186.12245841694596
5x^3 + x^2 + 5,нормальный,11,0.0001,409.58011431254954,175.55808631338417
5x^3 + x^2 + 5,нормальный,11,0.00031622776601683794,330.7407136821469,165.83240861361654
5x^3 + x^2 + 5,нормальный,11,0.001,260.0013522974609,155.5966177060249
5x^3 + x^2 + 5,нормальный,11,0.0031622776601683794,202.80572377037737,145.56086472545533
5x^3 + x^2 + 5,нормальный,11,0.01,158.25556646409146,137.71481751452467
5x^3 + x^2 + 5,нормальный,11,0.03162277660168379,127.24895539158192,133.59507260281632
5x^3 + x^2 + 5,нормальный,11,0.1,112.40884596491851,132.88654389795394
5x^3 + x^2 + 5,нормальный,11,0.31622776601683794,111.72052234168282,134.3337728596242
5x^3 + x^2 + 5,нормальный,11,1.0,121.15594207158613,138.6529656159182
5x^3 + x^2 + 5,нормальный,11,3.1622776601683795,155.6912452232119,153.85585186080328
5x^3 + x^2 + 5,нормальный,11,10.0,232.14612866278884,198.86821401468808
5x^3 + x^2 + 5,нормальный,11,31.622776601683793,310.9356508785126,272.48526722607096
5x^3 + x^2 + 5,нормальный,11,100.0,357.90939761514494,330.742936802238
5x^3 + x^2 + 5,нормальный,12,0.0,16839.87915134265,1771.1121130250963
5x^3 + x^2 + 5,нормальный,12,1e-10,16282.911115379253,1747.3553145280812
5x^3 + x^2 + 5,нормальный,12,3.1622776601683795e-10,27802.487275110965,1700.115029313138
5x^3 + x^2 + 5,нормальный,12,1e-09,28236.505804682274,1578.702854269239
5x^3 + x^2 + 5,нормальный,12,3.1622776601683795e-09,20978.004493978842,1338.1572564955238
5x^3 + x^2 + 5,нормальный,12,1e-08,14082.711590254887,980.1013721832028
5x^3 + x^2 + 5,нормальный,12,3.162277660168379e-08,10187.16932124355,545.2132574335359
5x^3 + x^2 + 5,нормальный,12,1e-07,7543.201243647012,201.74042211567766
5x^3 + x^2 + 5,нормальный,12,3.162277660168379e-07,4576.583227741958,157.34789867518356
5x^3 + x^2 + 5,нормальный,12,1e-06,1738.7185191723788,198.11172519318743
5x^3 + x^2 + 5,нормальный,12,3.162277660168379e-06,304.13100443775585,207.18252174348143
5x^3 + x^2 + 5,нормальный,12,1e-05,562.5820478689993,201.09441967319017
5x^3 + x^2 + 5,нормальный,12,3.1622776601683795e-05,546.9916602713314,190.21725129465452
5x^3 + x^2 + 5,нормальный,12,0.0001,444.48456449685784,179.80897982178627
5x^3 + x^2 + 5,нормальный,12,0.00031622776601683794,348.183711161185,169.72281832225644
5x^3 + x^2 + 5,нормальный,12,0.001,266.9071539664222,158.903617830286
5x^3 + x^2 + 5,нормальный,12,0.0031622776601683794,203.30360378813998,148.53428903811775
5x^3 + x^2 + 5,нормальный,12,0.01,157.64668652126565,139.9766475751381
5x^3 + x^2 + 5,нормальный,12,0.03162277660168379,127.2110107091617,134.78353682675618
5x^3 + x^2 + 5,нормальный,12,0.1,112.29547882602799,133.5084999346613
5x^3 + x^2 + 5,нормальный,12,0.31622776601683794,111.28637007934881,134.95475781355586
5x^3 + x^2 + 5,нормальный,12,1.0,120.29974333444815,139.57464769569958
5x^3 + x^2 + 5,нормальный,12,3.1622776601683795,154.64709823363364,154.63597303709736
5x^3 + x^2 + 5,нормальный,12,10.0,231.2943509480332,198.7104410274836
5x^3 + x^2 + 5,нормальный,12,31.622776601683793,310.21456969691445,271.8968844464294
5x^3 + x^2 + 5,нормальный,12,100.0,357.5410317398752,330.37894892001435
5x^3 + x^2 + 5,нормальный,13,0.0,483979.7851294779,5815.711774136656
5x^3 + x^2 + 5,нормальный,13,1e-10,60048.79457797421,4874.074973027323
5x^3 + x^2 + 5,нормальный,13,3.1622776601683795e-10,60338.12360910617,3889.101222548338
5x^3 + x^2 + 5,нормальный,13,1e-09,57747.52650287916,2892.918514178682
5x^3 + x^2 + 5,нормальный,13,3.1622776601683795e-09,46320.19347329902,2208.585309019903
5x^3 + x^2 + 5,нормальный,13,1e-08,30637.635967815564,1746.521504932224
5x^3 + x^2 + 5,нормальный,13,3.162277660168379e-08,19281.304992055255,1302.7425157428518
5x^3 + x^2 + 5,нормальный,13,1e-07,13084.170861531358,753.8864960482489
5x^3 + x^2 + 5,нормальный,13,3.162277660168379e-07,8488.730620003043,282.1606258183256
5x^3 + x^2 + 5,нормальный,13,1e-06,4121.619189493949,146.95736474866143
5x^3 + x^2 + 5,нормальный,13,3.162277660168379e-06,1240.8563281141037,185.6042883358925
5x^3 + x^2 + 5,нормальный,13,1e-05,268.8941732587191,199.5680154477454
5x^3 + x^2 + 5,нормальный,13,3.1622776601683795e-05,435.1903459093126,196.15265680841702
5x^3 + x^2 + 5,нормальный,13,0.0001,413.35898515765666,186.752107931664
5x^3 + x^2 + 5,нормальный,13,0.00031622776601683794,341.4919043905571,175.9762279202939
5x^3 + x^2 + 5,нормальный,13,0.001,268.86080962865907,163.94964483558073
5x^3 + x^2 + 5,нормальный,13,0.0031622776601683794,208.11359060459375,151.37973859776807
5x^3 + x^2 + 5,нормальный,13,0.01,161.36764328205896,141.0258695988338
5x^3 + x^2 + 5,нормальный,13,0.03162277660168379,128.9358704306175,135.17105903898664
5x^3 + x^2 + 5,нормальный,13,0.1,113.42172583964268,133.77670986864476
5x^3 + x^2 + 5,нормальный,13,0.31622776601683794,112.71481463949775,135.13540628089578
5x^3 + x^2 + 5,нормальный,13,1.0,121.96318811731506,139.53484775079644
5x^3 + x^2 + 5,нормальный,13,3.1622776601683795,155.31299191529706,155.04003734520924
5x^3 + x^2 + 5,нормальный,13,10.0,231.5799877135862,199.1447575503022
5x^3 + x^2 + 5,нормальный,13,31.622776601683793,309.98001726124494,270.948702815648
5x^3 + x^2 + 5,нормальный,13,100.0,357.274735444903,329.4451000202047
5x^3 + x^2 + 5,нормальный,14,0.0,372646.89458046656,9268.857240915762
5x^3 + x^2 + 5,нормальный,14,1e-10,12783.483434207601,1122.1666708803511
5x^3 + x^2 + 5,нормальный,14,3.1622776601683795e-10,26411.763765291114,2446.799219490104
5x^3 + x^2 + 5,нормальный,14,1e-09,38482.60758624597,2455.4298883734336
5x^3 + x^2 + 5,нормальный,14,3.1622776601683795e-09,36302.88160746502,2162.7121703574508
5x^3 + x^2 + 5,нормальный,14,1e-08,25426.64281686313,1804.0447051675058
5x^3 + x^2 + 5,нормальный,14,3.162277660168379e-08,16217.988593152364,1326.8697936166293
5x^3 + x^2 + 5,нормальный,14,1e-07,10925.228082241363,741.8468180028486
5x^3 + x^2 + 5,нормальный,14,3.162277660168379e-07,6949.335277560272,262.2969894939149
5x^3 + x^2 + 5,нормальный,14,1e-06,3165.727956161533,152.56800019222047
5x^3 + x^2 + 5,нормальный,14,3.162277660168379e-06,777.1341106256708,197.6648292246411
5x^3 + x^2 + 5,нормальный,14,1e-05,532.1681150101343,207.40268849719095
5x^3 + x^2 + 5,нормальный,14,3.1622776601683795e-05,560.7665265226376,201.19102107106437
5x^3 + x^2 + 5,нормальный,14,0.0001,460.4895233098481,190.8697307480683
5x^3 + x^2 + 5,нормальный,14,0.00031622776601683794,361.0150457062282,179.48228344985108
5x^3 + x^2 + 5,нормальный,14,0.001,275.96716761746825,166.6972449236135
5x^3 + x^2 + 5,нормальный,14,0.0031622776601683794,208.96260876251813,153.74601105070528
5x^3 + x^2 + 5,нормальный,14,0.01,160.92916379503117,142.89960583641357
5x^3 + x^2 + 5,нормальный,14,0.03162277660168379,128.93332703787678,136.18845581787508
5x^3 + x^2 + 5,нормальный,14,0.1,113.48467130282117,134.25658794780077
5x^3 + x^2 + 5,нормальный,14,0.31622776601683794,112.62307840921451,135.54487619275392
5x^3 + x^2 + 5,нормальный,14,1.0,121.62588708604426,140.17617042761984
5x^3 + x^2 + 5,нормальный,14,3.1622776601683795,154.7349853211253,155.71964340386123
5x^3 + x^2 + 5,нормальный,14,10.0,231.14335816486582,199.21411951133456
5x^3 + x^2 + 5,нормальный,14,31.622776601683793,309.51668444046936,270.56865562411616
5x^3 + x^2 + 5,нормальный,14,100.0,357.0089721963254,329.16639005969176
5x^3 + x^2 + 5,нормальный,15,0.0,1746709.1471487214,988.7455681289979
5x^3 + x^2 + 5,нормальный,15,1e-10,89979.94521100861,5028.580077814228
5x^3 + x^2 + 5,нормальный,15,3.1622776601683795e-10,70486.29804561005,5948.560511749348
5x^3 + x^2 + 5,нормальный,15,1e-09,69352.03515657419,5223.176718894646
5x^3 + x^2 + 5,нормальный,15,3.1622776601683795e-09,61070.9423503405,3907.9017127871352
5x^3 + x^2 + 5,нормальный,15,1e-08,43264.97994674789,2896.5810777832507
5x^3 + x^2 + 5,нормальный,15,3.162277660168379e-08,26607.228901631664,2177.168579712599
5x^3 + x^2 + 5,нормальный,15,1e-07,16832.17738809968,1460.4749066974216
5x^3 + x^2 + 5,нормальный,15,3.162277660168379e-07,10736.183570834479,708.020711712626
5x^3 + x^2 + 5,нормальный,15,1e-06,5510.69975182987,221.63566114563002
5x^3 + x^2 + 5,нормальный,15,3.162277660168379e-06,1863.515368738766,158.37272604293193
5x^3 + x^2 + 5,нормальный,15,1e-05,426.8040499536879,193.4940059299473
5x^3 + x^2 + 5,нормальный,15,3.1622776601683795e-05,425.3941420233883,200.69070981702387
5x^3 + x^2 + 5,нормальный,15,0.0001,413.1870833021397,195.0926713057799
5x^3 + x^2 + 5,нормальный,15,0.00031622776601683794,345.97569818058656,184.6644619034386
5x^3 + x^2 + 5,нормальный,15,0.001,273.24250511275335,171.41500874019474
5x^3 + x^2 + 5,нормальный,15,0.0031622776601683794,210.91077737369724,156.7903178158377
5x^3 + x^2 + 5,нормальный,15,0.01,163.13559916532895,144.1218272792741
5x^3 + x^2 + 5,нормальный,15,0.03162277660168379,129.97701642317313,136.6311413936012
5x^3 + x^2 + 5,нормальный,15,0.1,114.17074159096015,134.56269224788772
5x^3 + x^2 + 5,нормальный,15,0.31622776601683794,113.61077568118849,135.80212351860024
5x^3 + x^2 + 5,нормальный,15,1.0,122.90304002350058,140.18426571018074
5x^3 + x^2 + 5,нормальный,15,3.1622776601683795,155.34523038060294,155.9671859768521
5x^3 + x^2 + 5,нормальный,15,10.0,231.58696989639756,199.71607065774455
5x^3 + x^2 + 5,нормальный,15,31.622776601683793,309.4862834449856,269.96848045851516
5x^3 + x^2 + 5,нормальный,15,100.0,356.8469017578479,328.4361794056511
x sin x,равномерный,0,0.0,2.6302781429668185,2.329452488395778
x sin x,равномерный,0,1e-10,2.6302781429668185,2.329452488395778
x sin x,равномерный,0,3.1622776601683795e-10,2.6302781429668185,2.329452488395778
x sin x,равномерный,0,1e-09,2.6302781429668185,2.329452488395778
x sin x,равномерный,0,3.1622776601683795e-09,2.6302781429668185,2.329452488395778
x sin x,равномерный,0,1e-08,2.6302781429668185,2.329452488395778
x sin x,равномерный,0,3.162277660168379e-08,2.6302781429668185,2.329452488395778
x sin x,равномерный,0,1e-07,2.6302781429668185,2.329452488395778
x sin x,равномерный,0,3.162277660168379e-07,2.6302781429668185,2.329452488395778
x sin x,равномерный,0,1e-06,2.6302781429668185,2.329452488395778
x sin x,равномерный,0,3.162277660168379e-06,2.6302781429668185,2.329452488395778
x sin x,равномерный,0,1e-05,2.6302781429668185,2.329452488395778
x sin x,равномерный,0,3.1622776601683795e-05,2.6302781429668185,2.329452488395778
x sin x,равномерный,0,0.0001,2.6302781429668185,2.329452488395778
x sin x,равномерный,0,0.00031622776601683794,2.6302781429668185,2.329452488395778
x sin x,равномерный,0,0.001,2.6302781429668185,2.329452488395778
x sin x,равномерный,0,0.0031622776601683794,2.6302781429668185,2.329452488395778
x sin x,равномерный,0,0.01,2.6302781429668185,2.329452488395778
x sin x,равномерный,0,0.03162277660168379,2.6302781429668185,2.329452488395778
x sin x,равномерный,0,0.1,2.6302781429668185,2.329452488395778
x sin x,равномерный,0,0.31622776601683794,2.6302781429668185,2.329452488395778
x sin x,равномерный,0,1.0,2.6302781429668185,2.329452488395778
x sin x,равномерный,0,3.1622776601683795,2.6302781429668185,2.329452488395778
x sin x,равномерный,0,10.0,2.6302781429668185,2.329452488395778
x sin x,равномерный,0,31.622776601683793,2.6302781429668185,2.329452488395778
x sin x,равномерный,0,100.0,2.6302781429668185,2.329452488395778
x sin x,равномерный,1,0.0,1.9309384473992677,1.7464210795819037
x sin x,равномерный,1,1e-10,1.930938447394399,1.7464210795724802
x sin x,равномерный,1,3.1622776601683795e-10,1.930938447383872,1.746421079552105
x sin x,равномерный,1,1e-09,1.9309384473505826,1.7464210794876716
x sin x,равномерный,1,3.1622776601683795e-09,1.9309384472453128,1.7464210792839159
x sin x,равномерный,1,1e-08,1.9309384469124204,1.7464210786395844
x sin x,равномерный,1,3.162277660168379e-08,1.9309384458597207,1.7464210766020285
x sin x,равномерный,1,1e-07,1.930938442530794,1.746421070158712
x sin x,равномерный,1,3.162277660168379e-07,1.9309384320038057,1.7464210497831583
x sin x,равномерный,1,1e-06,1.930938398714574,1.7464209853500237
x sin x,равномерный,1,3.162277660168379e-06,1.930938293445056,1.7464207815947976
x sin x,равномерный,1,1e-05,1.9309379605563841,1.7464201372665609
x sin x,равномерный,1,3.1622776601683795e-05,1.9309369078976892,1.7464180997454006
x sin x,равномерный,1,0.0001,1.9309335793757707,1.7464116567740375
x sin x,равномерный,1,0.00031622776601683794,1.9309230564365436,1.746391284672322
x sin x,равномерный,1,0.001,1.930889807684911,1.7463268860524817
x sin x,равномерный,1,0.0031622776601683794,1.9307849426634522,1.7461234758132773
x sin x,равномерный,1,0.01,1.9304560892401994,1.7454825923433153
x sin x,равномерный,1,0.03162277660168379,1.9294434779932406,1.7434793581880876
x sin x,равномерный,1,0.1,1.9265059900833428,1.737374243755906
x sin x,равномерный,1,0.31622776601683794,1.9196143344010594,1.7202286969687872
x sin x,равномерный,1,1.0,1.9154988809037796,1.6838726508775763
x sin x,равномерный,1,3.1622776601683795,1.9748059194366672,1.6696521296869464
x sin x,равномерный,1,10.0,2.1850531746170168,1.8213685508906714
x sin x,равномерный,1,31.622776601683793,2.4248673148300055,2.0745702240153134
x sin x,равномерный,1,100.0,2.5554191109429905,2.232935503337116
x sin x,равномерный,2,0.0,1.9894552012289608,1.6992579625452267
x sin x,равномерный,2,1e-10,1.9894552012116258,1.6992579625377757
x sin x,равномерный,2,3.1622776601683795e-10,1.9894552011741422,1.6992579625216648
x sin x,равномерный,2,1e-09,1.989455201055609,1.6992579624707174
x sin x,равномерный,2,3.1622776601683795e-09,1.9894552006807742,1.6992579623096078
x sin x,равномерный,2,1e-08,1.9894551994954432,1.699257961800134
x sin x,равномерный,2,3.162277660168379e-08,1.9894551957470967,1.6992579601890365
x sin x,равномерный,2,1e-07,1.989455183893785,1.699257955094299
x sin x,равномерный,2,3.162277660168379e-07,1.9894551464103387,1.6992579389833269
x sin x,равномерный,2,1e-06,1.9894550278774221,1.6992578880359805
x sin x,равномерный,2,3.162277660168379e-06,1.9894546530449244,1.6992577269265339
x sin x,равномерный,2,1e-05,1.9894534677354465,1.6992572174558194
x sin x,равномерный,2,3.1622776601683795e-05,1.9894497196073135,1.6992556063888484
x sin x,равномерный,2,0.0001,1.9894378684807534,1.6992505119566386
x sin x,равномерный,2,0.00031622776601683794,1.9894004068747093,1.6992344040361511
x sin x,равномерный,2,0.001,1.9892820921432457,1.6991834872015497
x sin x,равномерный,2,0.0031622776601683794,1.9889094345393865,1.6990226827223942
x sin x,равномерный,2,0.01,1.987745657172385,1.6985162569218362
x sin x,равномерный,2,0.03162277660168379,1.9842062890869339,1.6969354893136588
x sin x,равномерный,2,0.1,1.9742608886062882,1.6921393859082465
x sin x,равномерный,2,0.31622776601683794,1.9518287843480482,1.6788740289923842
x sin x,равномерный,2,1.0,1.9256321062582313,1.6525188207839892
x sin x,равномерный,2,3.1622776601683795,1.9700060776462582,1.6553722984973138
x sin x,равномерный,2,10.0,2.178479528273965,1.8183947599346675
x sin x,равномерный,2,31.622776601683793,2.420776961564107,2.0735999596933943
x sin x,равномерный,2,100.0,2.5537009864218767,2.2324773131276143
x sin x,равномерный,3,0.0,1.2371747059712963,0.882470352692663
x sin x,равномерный,3,1e-10,1.2371747050157427,0.8824703526430588
x sin x,равномерный,3,3.1622776601683795e-10,1.237174702949569,0.8824703525358013
x sin x,равномерный,3,1e-09,1.2371746964157535,0.8824703521966234
x sin x,равномерный,3,3.1622776601683795e-09,1.2371746757540207,0.8824703511240481
x sin x,равномерный,3,1e-08,1.237174610415883,0.882470347732268
x sin x,равномерный,3,3.162277660168379e-08,1.2371744037986225,0.8824703370065214
x sin x,равномерный,3,1e-07,1.2371737504181515,0.8824703030887822
x sin x,равномерный,3,3.162277660168379e-07,1.2371716842544722,0.882470195831962
x sin x,равномерный,3,1e-06,1.2371651505390406,0.8824698566609972
x sin x,равномерный,3,3.162277660168379e-06,1.2371444897948862,0.8824687841570552
x sin x,равномерный,3,1e-05,1.2370791615665866,0.8824653930900113
x sin x,равномерный,3,3.1622776601683795e-05,1.23687264336824,0.8824546744760732
x sin x,равномерный,3,0.0001,1.2362202529866615,0.8824208280428758
x sin x,равномерный,3,0.00031622776601683794,1.2341639732847445,0.8823142837201841
x sin x,равномерный,3,0.001,1.2277285679875438,0.8819822200080073
x sin x,равномерный,3,0.0031622776601683794,1.2080346486197293,0.8809802307614576
x sin x,равномерный,3,0.01,1.1519038854318935,0.8782769382567234
x sin x,равномерный,3,0.03162277660168379,1.0260214246372343,0.8739135204994789
x sin x,равномерный,3,0.1,0.9829088293012017,0.8896981884054908
x sin x,равномерный,3,0.31622776601683794,1.3619794762041415,1.0318354897957538
x sin x,равномерный,3,1.0,1.761112922465389,1.342045406789464
x sin x,равномерный,3,3.1622776601683795,1.9993520680316557,1.6094211427788023
x sin x,равномерный,3,10.0,2.1980871133732456,1.8241753767414488
x sin x,равномерный,3,31.622776601683793,2.4143262953444777,2.061637377108827
x sin x,равномерный,3,100.0,2.5479886610719884,2.2231811290473233
x sin x,равномерный,4,0.0,0.8705187956746883,0.6699738886146123
x sin x,равномерный,4,1e-10,0.870518794143082,0.6699738886274319
x sin x,равномерный,4,3.1622776601683795e-10,0.8705187908313331,0.6699738886551522
x sin x,равномерный,4,1e-09,0.8705187803586554,0.6699738887428106
x sin x,равномерный,4,3.1622776601683795e-09,0.8705187472411383,0.6699738890200106
x sin x,равномерный,4,1e-08,0.8705186425144639,0.6699738898965965
x sin x,равномерный,4,3.162277660168379e-08,0.8705183113405782,0.6699738926686214
x sin x,равномерный,4,1e-07,0.8705172640862795,0.6699739014347029
x sin x,равномерный,4,3.162277660168379e-07,0.8705139524720771,0.6699739291571779
x sin x,равномерный,4,1e-06,0.870503481175267,0.669974016840255
x sin x,равномерный,4,3.162277660168379e-06,0.8704703774924066,0.6699742942876217
x sin x,равномерный,4,1e-05,0.8703657890176781,0.6699751733442137
x sin x,равномерный,4,3.1622776601683795e-05,0.8700359940320194,0.6699779700651938
x sin x,равномерный,4,0.0001,0.8690024307329857,0.6699869827613395
x sin x,равномерный,4,0.00031622776601683794,0.8658247021637797,0.6700171604792029
x sin x,равномерный,4,0.001,0.8566034946296256,0.6701290561259181
x sin x,равномерный,4,0.0031622776601683794,0.8337522602343338,0.6706383568604026
x sin x,равномерный,4,0.01,0.7924792687558118,0.6735528861980566
x sin x,равномерный,4,0.03162277660168379,0.7547941618784698,0.6906415157615897
x sin x,равномерный,4,0.1,0.9448775882152433,0.7663899417820342
x sin x,равномерный,4,0.31622776601683794,1.3732365781077762,0.9868319932438697
x sin x,равномерный,4,1.0,1.767566674270234,1.3351693570650245
x sin x,равномерный,4,3.1622776601683795,2.002557971366695,1.6107282555204643
x sin x,равномерный,4,10.0,2.19905570995218,1.826633473575591
x sin x,равномерный,4,31.622776601683793,2.4136434752902245,2.06280770119541
x sin x,равномерный,4,100.0,2.5474349774463825,2.2234868286302416
x sin x,равномерный,5,0.0,1.0059356043831438,0.6585328638980636
x sin x,равномерный,5,1e-10,1.0059355632942815,0.6585328629981905
x sin x,равномерный,5,3.1622776601683795e-10,1.0059354744487554,0.6585328610524119
x sin x,равномерный,5,1e-09,1.0059351934946759,0.6585328548993282
x sin x,равномерный,5,3.1622776601683795e-09,1.0059343050421685,0.6585328354415708
x sin x,равномерный,5,1e-08,1.0059314955304786,0.658532773910868
x sin x,равномерный,5,3.162277660168379e-08,1.005922611294631,0.6585325793348847
x sin x,равномерный,5,1e-07,1.0058945190740916,0.6585319640434995
x sin x,равномерный,5,3.162277660168379e-07,1.005805705669529,0.6585300184402724
x sin x,равномерный,5,1e-06,1.005525072872349,0.6585238670922935
x sin x,равномерный,5,3.162277660168379e-06,1.0046398287191347,0.6585044267146166
x sin x,равномерный,5,1e-05,1.0018622679604108,0.6584430696473885
x sin x,равномерный,5,3.1622776601683795e-05,0.9932934118539848,0.6582502257905376
x sin x,равномерный,5,0.0001,0.9682317583124167,0.6576521223516468
x sin x,равномерный,5,0.00031622776601683794,0.9064261737471219,0.6558742826237506
x sin x,равномерный,5,0.001,0.8253537384868078,0.6512797329969962
x sin x,равномерный,5,0.0031622776601683794,0.8763740838344924,0.6443466831994404
x sin x,равномерный,5,0.01,0.9938628429580525,0.6547965778578572
x sin x,равномерный,5,0.03162277660168379,1.020569703055285,0.7172594770680435
x sin x,равномерный,5,0.1,0.9128632860684173,0.8175748101051715
x sin x,равномерный,5,0.31622776601683794,1.1549606499169927,0.9495447286732907
x sin x,равномерный,5,1.0,1.6225399564479464,1.2021311713545055
x sin x,равномерный,5,3.1622776601683795,1.974252618763618,1.5399387833029845
x sin x,равномерный,5,10.0,2.208123905405243,1.8208273749091497
x sin x,равномерный,5,31.622776601683793,2.415679266388909,2.0625085465645276
x sin x,равномерный,5,100.0,2.546882188840398,2.221910544474147
x sin x,равномерный,6,0.0,4.996779900590669,0.6319883353848083
x sin x,равномерный,6,1e-10,4.996778384627755,0.6319883359476609
x sin x,равномерный,6,3.1622776601683795e-10,4.996775106696889,0.6319883371647028
x sin x,равномерный,6,1e-09,4.996764741002272,0.6319883410133156
x sin x,равномерный,6,3.1622776601683795e-09,4.9967319621344375,0.6319883531836837
x sin x,равномерный,6,1e-08,4.996628309598709,0.6319883916696506
x sin x,равномерный,6,3.162277660168379e-08,4.996300564999912,0.6319885133717009
x sin x,равномерный,6,1e-07,4.995264480382,0.6319888982147277
x sin x,равномерный,6,3.162277660168379e-07,4.991991437507773,0.6319901150689368
x sin x,равномерный,6,1e-06,4.981674494075292,0.6319939618367487
x sin x,равномерный,6,3.162277660168379e-06,4.949379071835828,0.6320061137606521
x sin x,равномерный,6,1e-05,4.850436677495387,0.6320444154782436
x sin x,равномерный,6,3.1622776601683795e-05,4.566234118723282,0.6321642822306353
x sin x,равномерный,6,0.0001,3.8805646061174563,0.6325310132193219
x sin x,равномерный,6,0.00031622776601683794,2.7436382398792705,0.633575305297184
x sin x,равномерный,6,0.001,1.660866529350697,0.6359879194711853
x sin x,равномерный,6,0.0031622776601683794,1.0917296533922596,0.6402318489502792
x sin x,равномерный,6,0.01,0.9743086401405016,0.6558615491913892
x sin x,равномерный,6,0.03162277660168379,0.9611360351095216,0.7067367263579026
x sin x,равномерный,6,0.1,0.9237513168990052,0.784461010194818
x sin x,равномерный,6,0.31622776601683794,1.1980592235512588,0.9149782774283767
x sin x,равномерный,6,1.0,1.6299556215823088,1.1883842650176621
x sin x,равномерный,6,3.1622776601683795,1.9747073692107058,1.537898371505651
x sin x,равномерный,6,10.0,2.2091643843642528,1.8219920157910727
x sin x,равномерный,6,31.622776601683793,2.4157632828879505,2.0634565294797103
x sin x,равномерный,6,100.0,2.54671726787048,2.2222377123535004
x sin x,равномерный,7,0.0,1.7532866685308897,0.7944651028818761
x sin x,равномерный,7,1e-10,1.7532895353745126,0.7944648989701438
x sin x,равномерный,7,3.1622776601683795e-10,1.7532957353571899,0.7944644580571503
x sin x,равномерный,7,1e-09,1.7533153511262551,0.794463063780026
x sin x,равномерный,7,3.1622776601683795e-09,1.7533774785585468,0.7944586547701193
x sin x,равномерный,7,1e-08,1.7535749105245464,0.7944447130995026
x sin x,равномерный,7,3.162277660168379e-08,1.7542088778512834,0.7944006340934252
x sin x,равномерный,7,1e-07,1.7563085634275957,0.7942613282607252
x sin x,равномерный,7,3.162277660168379e-07,1.7638531659670644,0.7938216454061676
x sin x,равномерный,7,1e-06,1.7954409904148676,0.792439611879485
x sin x,равномерный,7,3.162277660168379e-06,1.9399291379888361,0.7881515574617902
x sin x,равномерный,7,1e-05,2.4172221932425844,0.7753743296458636
x sin x,равномерный,7,3.1622776601683795e-05,3.1012789982292963,0.7416864430832959
x sin x,равномерный,7,0.0001,3.218828282799472,0.6786578628245507
x sin x,равномерный,7,0.00031622776601683794,2.4995986357415405,0.6282078866186148
x sin x,равномерный,7,0.001,1.5833953277096546,0.6331597708462257
x sin x,равномерный,7,0.0031622776601683794,1.0668695800136132,0.6517204170679126
x sin x,равномерный,7,0.01,1.0611108845790278,0.6571739177352599
x sin x,равномерный,7,0.03162277660168379,1.1210453609192126,0.691947319048796
x sin x,равномерный,7,0.1,1.0292704435019555,0.8078439206911162
x sin x,равномерный,7,0.31622776601683794,1.10123183187041,0.9512831225493267
x sin x,равномерный,7,1.0,1.5427236161204363,1.1570743952311695
x sin x,равномерный,7,3.1622776601683795,1.941251888278599,1.491035527355008
x sin x,равномерный,7,10.0,2.2096829724324847,1.8119649300516416
x sin x,равномерный,7,31.622776601683793,2.4172724751566244,2.0634514841801863
x sin x,равномерный,7,100.0,2.54677778379111,2.2219145006380967
x sin x,равномерный,8,0.0,7.631282810828549,2.0270252720924784
x sin x,равномерный,8,1e-10,7.6305751457720365,2.027020889416825
x sin x,равномерный,8,3.1622776601683795e-10,7.629045353603358,2.0270114129629206
x sin x,равномерный,8,1e-09,7.624211109117331,2.0269814465230134
x sin x,равномерный,8,3.1622776601683795e-09,7.6089576437112045,2.0268866921227455
x sin x,равномерный,8,1e-08,7.561056964703134,2.026587130233268
x sin x,равномерный,8,3.162277660168379e-08,7.4128531364527435,2.0256406099638804
x sin x,равномерный,8,1e-07,6.974597181219275,2.022655204180654
x sin x,равномерный,8,3.162277660168379e-07,5.834245929546713,2.013291380039919
x sin x,равномерный,8,1e-06,3.6438922460262178,1.9844279312424744
x sin x,равномерный,8,3.162277660168379e-06,1.5053885706714394,1.9000201209803222
x sin x,равномерный,8,1e-05,2.7616441685357294,1.6867944655742557
x sin x,равномерный,8,3.1622776601683795e-05,4.153182526924238,1.3006700385471606
x sin x,равномерный,8,0.0001,4.608226092078792,0.8914764384137485
x sin x,равномерный,8,0.00031622776601683794,3.854724239585674,0.6650945604601659
x sin x,равномерный,8,0.001,2.4609830237875214,0.6210355110232153
x sin x,равномерный,8,0.0031622776601683794,1.4229140965885136,0.6327008626770049
x sin x,равномерный,8,0.01,1.1134079645723045,0.6479416029949189
x sin x,равномерный,8,0.03162277660168379,1.121817284032618,0.6920117000182409
x sin x,равномерный,8,0.1,1.0725543084623488,0.8019790893292869
x sin x,равномерный,8,0.31622776601683794,1.1709352174613952,0.9368106643703958
x sin x,равномерный,8,1.0,1.5547183697882003,1.146856322987521
x sin x,равномерный,8,3.1622776601683795,1.9407996641647791,1.4880265534580455
x sin x,равномерный,8,10.0,2.2101903579833397,1.8120996800368263
x sin x,равномерный,8,31.622776601683793,2.417470729600728,2.0640130052431847
x sin x,равномерный,8,100.0,2.546736756825009,2.2221558759464757
x sin x,равномерный,9,0.0,2.1231155772311054,0.9001101823671089
x sin x,равномерный,9,1e-10,2.125641036485042,0.9001168458034017
x sin x,равномерный,9,3.1622776601683795e-10,2.131089947408024,0.9001312548269411
x sin x,равномерный,9,1e-09,2.148214905062577,0.9001768283367512
x sin x,равномерный,9,3.1622776601683795e-09,2.2013255466596013,0.9003210250812528
x sin x,равномерный,9,1e-08,2.359362136310154,0.9007778156769128
x sin x,равномерный,9,3.162277660168379e-08,2.7745340062530075,0.9022301137863317
x sin x,равномерный,9,1e-07,3.548081197666927,0.906894421407073
x sin x,равномерный,9,3.162277660168379e-07,4.106386856595025,0.9221846834222822
x sin x,равномерный,9,1e-06,3.426228419949033,0.9719802186424442
x sin x,равномерный,9,3.162277660168379e-06,1.9830985187276446,1.0991153141092374
x sin x,равномерный,9,1e-05,1.8520531467531924,1.2310501198319592
x sin x,равномерный,9,3.1622776601683795e-05,3.0150219211691955,1.1414939513711873
x sin x,равномерный,9,0.0001,3.8364378648426105,0.8923161772294027
x sin x,равномерный,9,0.00031622776601683794,3.483747326274114,0.6964942455777008
x sin x,равномерный,9,0.001,2.316682073898769,0.622210656366187
x sin x,равномерный,9,0.0031622776601683794,1.3765786875503003,0.6404602833152758
x sin x,равномерный,9,0.01,1.1550916741883879,0.6617870593193352
x sin x,равномерный,9,0.03162277660168379,1.21899667625934,0.6826782143758746
x sin x,равномерный,9,0.1,1.1614896220783595,0.7975045505644283
x sin x,равномерный,9,0.31622776601683794,1.1366437040174635,0.9679753314528832
x sin x,равномерный,9,1.0,1.504231237602279,1.152282479445945
x sin x,равномерный,9,3.1622776601683795,1.9130315413654753,1.4615650756913676
x sin x,равномерный,9,10.0,2.207349377773923,1.8024998821423148
x sin x,равномерный,9,31.622776601683793,2.418185054764578,2.063634381081693
x sin x,равномерный,9,100.0,2.546846662639999,2.222095180882103
x sin x,равномерный,10,0.0,9.935249270071202,1.1516168136435063
x sin x,равномерный,10,1e-10,9.774833088714276,1.1516798882532928
x sin x,равномерный,10,3.1622776601683795e-10,9.438767164634552,1.1518162038907622
x sin x,равномерный,10,1e-09,8.46412122824385,1.1522466577498776
x sin x,равномерный,10,3.1622776601683795e-09,6.052979562182939,1.1536017572867432
x sin x,равномерный,10,1e-08,1.8426870809915843,1.1578269314609135
x sin x,равномерный,10,3.162277660168379e-08,3.966325489493869,1.1706211821319918
x sin x,равномерный,10,1e-07,6.804370287960326,1.2063031176450065
x sin x,равномерный,10,3.162277660168379e-07,8.122049220655617,1.28903223959769
x sin x,равномерный,10,1e-06,7.338342629533171,1.4392563128995124
x sin x,равномерный,10,3.162277660168379e-06,4.334449046387759,1.6682902302831468
x sin x,равномерный,10,1e-05,1.607508193916073,1.892134836025461
x sin x,равномерный,10,3.1622776601683795e-05,3.485572320525864,1.8611178452255797
x sin x,равномерный,10,0.0001,4.721792436202947,1.4586966647263302
x sin x,равномерный,10,0.00031622776601683794,4.403999968582081,0.9392332214085861
x sin x,равномерный,10,0.001,2.95820183511832,0.6607035371620931
x sin x,равномерный,10,0.0031622776601683794,1.6621031763502714,0.6248718824953277
x sin x,равномерный,10,0.01,1.2151361063523258,0.6444418861420139
x sin x,равномерный,10,0.03162277660168379,1.2351205090355153,0.6791727551316615
x sin x,равномерный,10,0.1,1.2073434459568846,0.7991017512172421
x sin x,равномерный,10,0.31622776601683794,1.2079459541434117,0.963855863434787
x sin x,равномерный,10,1.0,1.5189094011508346,1.146506556050217
x sin x,равномерный,10,3.1622776601683795,1.912559750825021,1.4589467503433446
x sin x,равномерный,10,10.0,2.207506913768451,1.8021560462447077
x sin x,равномерный,10,31.622776601683793,2.4183684594414805,2.0639241890314874
x sin x,равномерный,10,100.0,2.5468514484681726,2.2222596324344512
x sin x,равномерный,11,0.0,97.64059914444036,1.3076158821422772
x sin x,равномерный,11,1e-10,91.80225729207334,1.3058074448732497
x sin x,равномерный,11,3.1622776601683795e-10,81.23150779960717,1.3019456132554823
x sin x,равномерный,11,1e-09,59.32748647106924,1.2901548346174323
x sin x,равномерный,11,3.1622776601683795e-09,31.902906875449077,1.256664525463314
x sin x,равномерный,11,1e-08,14.278705722109242,1.1788434019338532
x sin x,равномерный,11,3.162277660168379e-08,8.338341721326712,1.0646530188113832
x sin x,равномерный,11,1e-07,7.184920005713925,0.9889569021593004
x sin x,равномерный,11,3.162277660168379e-07,7.056437507341107,0.9882585906627459
x sin x,равномерный,11,1e-06,6.31268224050964,1.0444891895198227
x sin x,равномерный,11,3.162277660168379e-06,4.1083623448423685,1.1516029069012008
x sin x,равномерный,11,1e-05,1.8050444814902875,1.332272064674189
x sin x,равномерный,11,3.1622776601683795e-05,2.8192037672481405,1.4646773200081835
x sin x,равномерный,11,0.0001,4.101277852265739,1.2812503844733998
x sin x,равномерный,11,0.00031622776601683794,4.0319641824758286,0.8963041035881657
x sin x,равномерный,11,0.001,2.7968003582195764,0.6551041182572999
x sin x,равномерный,11,0.0031622776601683794,1.6155164453411301,0.6295292567353253
x sin x,равномерный,11,0.01,1.2410589025985654,0.6621606038769002
x sin x,равномерный,11,0.03162277660168379,1.2989807718890205,0.6798800365794032
x sin x,равномерный,11,0.1,1.2716175376139929,0.784988877621975
x sin x,равномерный,11,0.31622776601683794,1.2066334299943882,0.981563521165361
x sin x,равномерный,11,1.0,1.4900038698945128,1.162613955489622
x sin x,равномерный,11,3.1622776601683795,1.891368856415712,1.4455043657736162
x sin x,равномерный,11,10.0,2.2035950408868654,1.7941494809567013
x sin x,равномерный,11,31.622776601683793,2.4185761386927767,2.063319471010826
x sin x,равномерный,11,100.0,2.5469312495628182,2.222254573419838
x sin x,равномерный,12,0.0,790.5431092151887,2.5195912029471565
x sin x,равномерный,12,1e-10,392.35323682737646,2.424919363702126
x sin x,равномерный,12,3.1622776601683795e-10,204.63165265055758,2.242110779402612
x sin x,равномерный,12,1e-09,91.8044956450151,1.8116545492007705
x sin x,равномерный,12,3.1622776601683795e-09,33.90774959715823,1.187803924847377
x sin x,равномерный,12,1e-08,9.034898258255003,0.8986893603546408
x sin x,равномерный,12,3.162277660168379e-08,4.3242459083866285,0.9131402756696547
x sin x,равномерный,12,1e-07,7.297074965075322,0.9229173598094907
x sin x,равномерный,12,3.162277660168379e-07,9.833001634213032,0.9711617576650382
x sin x,равномерный,12,1e-06,9.792167949754539,1.153443473186401
x sin x,равномерный,12,3.162277660168379e-06,6.879368896652155,1.4846591274666967
x sin x,равномерный,12,1e-05,2.547694556319964,1.8453524984783578
x sin x,равномерный,12,3.1622776601683795e-05,2.9491783849216096,2.072687707505129
x sin x,равномерный,12,0.0001,4.687363169555356,1.8951720650110306
x sin x,равномерный,12,0.00031622776601683794,4.661302952959893,1.3117253219174176
x sin x,равномерный,12,0.001,3.237531420148822,0.7858715666569989
x sin x,равномерный,12,0.0031622776601683794,1.8128218579881654,0.6294327964004514
x sin x,равномерный,12,0.01,1.2880207354386444,0.6430378111472598
x sin x,равномерный,12,0.03162277660168379,1.316660347646664,0.6721674270786798
x sin x,равномерный,12,0.1,1.3115301798086763,0.7884142711291915
x sin x,равномерный,12,0.31622776601683794,1.2666940604973513,0.9823362266812068
x sin x,равномерный,12,1.0,1.505017862075261,1.159870040787155
x sin x,равномерный,12,3.1622776601683795,1.8911037548383045,1.4435781462757429
x sin x,равномерный,12,10.0,2.2035644784708226,1.7936447532623554
x sin x,равномерный,12,31.622776601683793,2.418722968693948,2.0634437746172782
x sin x,равномерный,12,100.0,2.546954218647504,2.222364401154665
x sin x,равномерный,13,0.0,457.4086635532179,16.920598999107398
x sin x,равномерный,13,1e-10,408.98635688639536,12.848152763826652
x sin x,равномерный,13,3.1622776601683795e-10,240.99575266158962,8.610003810450339
x sin x,равномерный,13,1e-09,138.64350303454682,4.410177307992039
x sin x,равномерный,13,3.1622776601683795e-09,78.93647480391675,1.8202794717814097
x sin x,равномерный,13,1e-08,38.49352201924687,0.9186840307771189
x sin x,равномерный,13,3.162277660168379e-08,18.044225108697717,0.9279941350320874
x sin x,равномерный,13,1e-07,12.178409675583547,0.9166372642118765
x sin x,равномерный,13,3.162277660168379e-07,10.777734308921014,0.9051555550061761
x sin x,равномерный,13,1e-06,9.152110968122104,0.9679133329306236
x sin x,равномерный,13,3.162277660168379e-06,6.162530397490824,1.1585880915400923
x sin x,равномерный,13,1e-05,2.5185328417772097,1.421604684557163
x sin x,равномерный,13,3.1622776601683795e-05,2.6612057382155547,1.6672311218067712
x sin x,равномерный,13,0.0001,4.2672686483648175,1.6357322327019352
x sin x,равномерный,13,0.00031622776601683794,4.3536259516136075,1.1962423749257027
x sin x,равномерный,13,0.001,3.092347436128706,0.7500207383344614
x sin x,равномерный,13,0.0031622776601683794,1.7753764364206006,0.6278675088439523
x sin x,равномерный,13,0.01,1.308564296368072,0.6617498456636757
x sin x,равномерный,13,0.03162277660168379,1.3611655358830306,0.6801191062664581
x sin x,равномерный,13,0.1,1.3587593351971081,0.7730929488023949
x sin x,равномерный,13,0.31622776601683794,1.278777710388764,0.9898183092553096
x sin x,равномерный,13,1.0,1.4888752996000958,1.1772414050579814
x sin x,равномерный,13,3.1622776601683795,1.875402556048829,1.4378709795053928
x sin x,равномерный,13,10.0,2.199535551424152,1.7872857873968564
x sin x,равномерный,13,31.622776601683793,2.418643366330354,2.0627511430282213
x sin x,равномерный,13,100.0,2.547001102821283,2.2223654497569103
x sin x,равномерный,14,0.0,5696.589644018097,34.18169576989834
x sin x,равномерный,14,1e-10,823.5851027670435,17.8986422285996
x sin x,равномерный,14,3.1622776601683795e-10,510.4049838841087,11.358489294304869
x sin x,равномерный,14,1e-09,249.51337364969186,6.456810624350123
x sin x,равномерный,14,3.1622776601683795e-09,106.39030583396841,3.647294345789211
x sin x,равномерный,14,1e-08,38.45924799637461,2.0246792992982976
x sin x,равномерный,14,3.162277660168379e-08,12.439612738720367,1.1741375144589676
x sin x,равномерный,14,1e-07,8.815945354635117,0.9607222748013753
x sin x,равномерный,14,3.162277660168379e-07,11.224217507552723,0.9155114541398022
x sin x,равномерный,14,1e-06,11.447203506364598,0.9172161065907929
x sin x,равномерный,14,3.162277660168379e-06,8.459686995101185,1.2427045698237835
x sin x,равномерный,14,1e-05,3.5597534453900073,1.7719669013806636
x sin x,равномерный,14,3.1622776601683795e-05,2.6102707972616104,2.1734998877107428
x sin x,равномерный,14,0.0001,4.662646660145825,2.187978040448824
x sin x,равномерный,14,0.00031622776601683794,4.794737468512688,1.654480613580671
x sin x,равномерный,14,0.001,3.3980139626206607,0.9589813337057248
x sin x,равномерный,14,0.0031622776601683794,1.9100909044265748,0.6502504275112093
x sin x,равномерный,14,0.01,1.3422828347721794,0.6443289840339406
x sin x,равномерный,14,0.03162277660168379,1.3769513493088366,0.6699464536337755
x sin x,равномерный,14,0.1,1.3918087007004623,0.7765431246916656
x sin x,равномерный,14,0.31622776601683794,1.3264649911288668,0.9929635249004768
x sin x,равномерный,14,1.0,1.5027896780089094,1.1763085984499941
x sin x,равномерный,14,3.1622776601683795,1.875338202890087,1.4365561023866982
x sin x,равномерный,14,10.0,2.19941406909348,1.786770343234049
x sin x,равномерный,14,31.622776601683793,2.418755991018556,2.0627802799384614
x sin x,равномерный,14,100.0,2.5470310347074645,2.222438867089912
x sin x,равномерный,15,0.0,50799.90579890441,179.66639654947878
x sin x,равномерный,15,1e-10,741.4360797343004,30.118118150298194
x sin x,равномерный,15,3.1622776601683795e-10,488.7487578909819,21.88746352574233
x sin x,равномерный,15,1e-09,262.41363090565795,14.176171013994589
x sin x,равномерный,15,3.1622776601683795e-09,133.2620304532881,7.309488271943941
x sin x,равномерный,15,1e-08,64.08646808118927,3.1210981232095873
x sin x,равномерный,15,3.162277660168379e-08,28.84048668493285,1.3270005802449405
x sin x,равномерный,15,1e-07,16.71277318893302,0.9481261319228227
x sin x,равномерный,15,3.162277660168379e-07,13.918641389886247,0.9247578444165041
x sin x,равномерный,15,1e-06,11.536274623597679,0.9076166111893215
x sin x,равномерный,15,3.162277660168379e-06,7.718201497745802,1.0654479784713602
x sin x,равномерный,15,1e-05,3.20134756685785,1.46546393328359
x sin x,равномерный,15,3.1622776601683795e-05,2.5378930209370067,1.8334738797528471
x sin x,равномерный,15,0.0001,4.4077318800020056,1.9251608296066707
x sin x,равномерный,15,0.00031622776601683794,4.569934256810958,1.5079121241962543
x sin x,равномерный,15,0.001,3.285630148464594,0.8968867213292768
x sin x,равномерный,15,0.0031622776601683794,1.8853175097053612,0.6395125953791192
x sin x,равномерный,15,0.01,1.3603075987612863,0.6623222232420577
x sin x,равномерный,15,0.03162277660168379,1.4093154719538243,0.6825586781712109
x sin x,равномерный,15,0.1,1.427551908525248,0.7630377508196414
x sin x,равномерный,15,0.31622776601683794,1.3425242085841746,0.9939655078084225
x sin x,равномерный,15,1.0,1.4943688796481378,1.191914781420825
x sin x,равномерный,15,3.1622776601683795,1.8638572718091442,1.4353068621029597
x sin x,равномерный,15,10.0,2.19565167255242,1.7818162540216793
x sin x,равномерный,15,31.622776601683793,2.4185234064088923,2.0620779393682174
x sin x,равномерный,15,100.0,2.547053657894023,2.22243470266673
x sin x,нормальный,0,0.0,2.5608245622289543,2.2983076774287126
x sin x,нормальный,0,1e-10,2.5608245622289543,2.2983076774287126
x sin x,нормальный,0,3.1622776601683795e-10,2.5608245622289543,2.2983076774287126
x sin x,нормальный,0,1e-09,2.5608245622289543,2.2983076774287126
x sin x,нормальный,0,3.1622776601683795e-09,2.5608245622289543,2.2983076774287126
x sin x,нормальный,0,1e-08,2.5608245622289543,2.2983076774287126
x sin x,нормальный,0,3.162277660168379e-08,2.5608245622289543,2.2983076774287126
x sin x,нормальный,0,1e-07,2.5608245622289543,2.2983076774287126
x sin x,нормальный,0,3.162277660168379e-07,2.5608245622289543,2.2983076774287126
x sin x,нормальный,0,1e-06,2.5608245622289543,2.2983076774287126
x sin x,нормальный,0,3.162277660168379e-06,2.5608245622289543,2.2983076774287126
x sin x,нормальный,0,1e-05,2.5608245622289543,2.2983076774287126
x sin x,нормальный,0,3.1622776601683795e-05,2.5608245622289543,2.2983076774287126
x sin x,нормальный,0,0.0001,2.5608245622289543,2.2983076774287126
x sin x,нормальный,0,0.00031622776601683794,2.5608245622289543,2.2983076774287126
x sin x,нормальный,0,0.001,2.5608245622289543,2.2983076774287126
x sin x,нормальный,0,0.0031622776601683794,2.5608245622289543,2.2983076774287126
x sin x,нормальный,0,0.01,2.5608245622289543,2.2983076774287126
x sin x,нормальный,0,0.03162277660168379,2.5608245622289543,2.2983076774287126
x sin x,нормальный,0,0.1,2.5608245622289543,2.2983076774287126
x sin x,нормальный,0,0.31622776601683794,2.5608245622289543,2.2983076774287126
x sin x,нормальный,0,1.0,2.5608245622289543,2.2983076774287126
x sin x,нормальный,0,3.1622776601683795,2.5608245622289543,2.2983076774287126
x sin x,нормальный,0,10.0,2.5608245622289543,2.2983076774287126
x sin x,нормальный,0,31.622776601683793,2.5608245622289543,2.2983076774287126
x sin x,нормальный,0,100.0,2.5608245622289543,2.2983076774287126
x sin x,нормальный,1,0.0,1.9290328433927282,1.6218201015599198
x sin x,нормальный,1,1e-10,1.9290328433896669,1.6218201015543772
x sin x,нормальный,1,3.1622776601683795e-10,1.929032843383047,1.6218201015423928
x sin x,нормальный,1,1e-09,1.9290328433621133,1.6218201015044942
x sin x,нормальный,1,3.1622776601683795e-09,1.9290328432959147,1.6218201013846494
x sin x,нормальный,1,1e-08,1.9290328430865773,1.6218201010056656
x sin x,нормальный,1,3.162277660168379e-08,1.9290328424245935,1.6218200998072148
x sin x,нормальный,1,1e-07,1.929032840331218,1.6218200960173803
x sin x,нормальный,1,3.162277660168379e-07,1.9290328337113862,1.6218200840328731
x sin x,нормальный,1,1e-06,1.9290328127776604,1.6218200461345533
x sin x,нормальный,1,3.162277660168379e-06,1.9290327465796266,1.6218199262897386
x sin x,нормальный,1,1e-05,1.929032537245267,1.6218195473091082
x sin x,нормальный,1,3.1622776601683795e-05,1.9290318752939228,1.6218183488866291
x sin x,нормальный,1,0.0001,1.9290297822402054,1.6218145593370186
x sin x,нормальный,1,0.00031622776601683794,1.9290231656252872,1.6218025776790252
x sin x,нормальный,1,0.001,1.9290022640653894,1.6217647078462012
x sin x,нормальный,1,0.0031622776601683794,1.9289363874356247,1.6216451477514344
x sin x,нормальный,1,0.01,1.9287302590387436,1.6212690096122964
x sin x,нормальный,1,0.03162277660168379,1.9281001138922071,1.6200988637962828
x sin x,нормальный,1,0.1,1.926317290832774,1.6165874603377604
x sin x,нормальный,1,0.31622776601683794,1.9225725264141205,1.6072476700154879
x sin x,нормальный,1,1.0,1.924526793320398,1.5919635305536746
x sin x,нормальный,1,3.1622776601683795,1.9851370982342451,1.6182054479529073
x sin x,нормальный,1,10.0,2.1743800629751826,1.8015987586857711
x sin x,нормальный,1,31.622776601683793,2.383065348044928,2.0551345115240967
x sin x,нормальный,1,100.0,2.4960155543489755,2.2069682771749255
x sin x,нормальный,2,0.0,1.9567828867282941,1.6374580679494974
x sin x,нормальный,2,1e-10,1.95678288672272,1.6374580679404431
x sin x,нормальный,2,3.1622776601683795e-10,1.956782886710667,1.6374580679208655
x sin x,нормальный,2,1e-09,1.9567828866725514,1.6374580678589552
x sin x,нормальный,2,3.1622776601683795e-09,1.9567828865520203,1.6374580676631778
x sin x,нормальный,2,1e-08,1.9567828861708663,1.6374580670440755
x sin x,нормальный,2,3.162277660168379e-08,1.9567828849655524,1.6374580650863022
x sin x,нормальный,2,1e-07,1.956782881154016,1.637458058895279
x sin x,нормальный,2,3.162277660168379e-07,1.9567828691008855,1.6374580393175497
x sin x,нормальный,2,1e-06,1.9567828309855977,1.637457977407373
x sin x,нормальный,2,3.162277660168379e-06,1.9567827104550588,1.6374577816305973
x sin x,нормальный,2,1e-05,1.9567823293098647,1.6374571625340126
x sin x,нормальный,2,3.1622776601683795e-05,1.956781124081304,1.6374552048181052
x sin x,нормальный,2,0.0001,1.956777313397572,1.6374490143707254
x sin x,нормальный,2,0.00031622776601683794,1.9567652687913835,1.637429442395708
x sin x,нормальный,2,0.001,1.9567272386654735,1.637367589743215
x sin x,нормальный,2,0.0031622776601683794,1.956607557110845,1.6371723875979844
x sin x,нормальный,2,0.01,1.9562348197356325,1.6365590179828495
x sin x,нормальный,2,0.03162277660168379,1.9551111939483927,1.634657969212598
x sin x,нормальный,2,0.1,1.9520484042083681,1.6290159775623154
x sin x,нормальный,2,0.31622776601683794,1.945992578175052,1.6144242785336456
x sin x,нормальный,2,1.0,1.946201673454788,1.5911464442437298
x sin x,нормальный,2,3.1622776601683795,2.0056666487845836,1.614962265714946
x sin x,нормальный,2,10.0,2.187461539329189,1.8010967934791298
x sin x,нормальный,2,31.622776601683793,2.38779386633493,2.0550019668251034
x sin x,нормальный,2,100.0,2.4974341420725734,2.2068423005196363
x sin x,нормальный,3,0.0,1.5229530975607595,0.9129200097968717
x sin x,нормальный,3,1e-10,1.5229530965474694,0.9129200097244329
x sin x,нормальный,3,3.1622776601683795e-10,1.5229530943564547,0.9129200095677997
x sin x,нормальный,3,1e-09,1.522953087427855,0.9129200090724829
x sin x,нормальный,3,3.1622776601683795e-09,1.5229530655177066,0.9129200075061532
x sin x,нормальный,3,1e-08,1.522952996231733,0.9129200025529841
x sin x,нормальный,3,3.162277660168379e-08,1.522952777130322,0.9129199868896933
x sin x,нормальный,3,1e-07,1.5229520842715445,0.9129199373580665
x sin x,нормальный,3,3.162277660168379e-07,1.5229498932669217,0.912919780725793
x sin x,нормальный,3,1e-06,1.522942964773998,0.9129192854158782
x sin x,нормальный,3,3.162277660168379e-06,1.5229210556761639,0.91291771915666
x sin x,нормальный,3,1e-05,1.5228517802304549,0.9129127666926967
x sin x,нормальный,3,3.1622776601683795e-05,1.5226327840679252,0.9128971104518205
x sin x,нормальный,3,0.0001,1.5219409771618093,0.9128476493093598
x sin x,нормальный,3,0.00031622776601683794,1.5197604718900994,0.9126917213689691
x sin x,нормальный,3,0.001,1.5129363653907855,0.912203438733771
x sin x,нормальный,3,0.0031622776601683794,1.4920524008509877,0.910706946930898
x sin x,нормальный,3,0.01,1.4324789856492142,0.9064364083158313
x sin x,нормальный,3,0.03162277660168379,1.2965028248876558,0.8971244886932243
x sin x,нормальный,3,0.1,1.1690788445363225,0.8983029439657971
x sin x,нормальный,3,0.31622776601683794,1.3988599696444297,1.0112406892957655
x sin x,нормальный,3,1.0,1.7769470461645382,1.2984029854394556
x sin x,нормальный,3,3.1622776601683795,2.02099491769262,1.5691139435544859
x sin x,нормальный,3,10.0,2.2038648517222144,1.8024704073181514
x sin x,нормальный,3,31.622776601683793,2.3840564489656426,2.042754740913211
x sin x,нормальный,3,100.0,2.4934397764003413,2.1981092733292082
x sin x,нормальный,4,0.0,0.8412606526975974,0.6758044127448739
x sin x,нормальный,4,1e-10,0.8412606527616344,0.6758044125349014
x sin x,нормальный,4,3.1622776601683795e-10,0.8412606529000822,0.6758044120808832
x sin x,нормальный,4,1e-09,0.8412606533379048,0.6758044106451542
x sin x,нормальный,4,3.1622776601683795e-09,0.841260654722453,0.6758044061049779
x sin x,нормальный,4,1e-08,0.8412606591007034,0.6758043917476846
x sin x,нормальный,4,3.162277660168379e-08,0.8412606729456231,0.6758043463459817
x sin x,нормальный,4,1e-07,0.8412607167236491,0.6758042027736397
x sin x,нормальный,4,3.162277660168379e-07,0.8412608551276058,0.6758037487625226
x sin x,нормальный,4,1e-06,0.8412612924558495,0.6758023130982259
x sin x,нормальный,4,3.162277660168379e-06,0.841262671975446,0.675797773578238
x sin x,нормальный,4,1e-05,0.8412670000923341,0.6757834228463475
x sin x,нормальный,4,3.1622776601683795e-05,0.8412803446880381,0.675738086733532
x sin x,нормальный,4,0.0001,0.8413191530133405,0.6755951695371495
x sin x,нормальный,4,0.00031622776601683794,0.8414088975784487,0.6751476860607623
x sin x,нормальный,4,0.001,0.8413904233356042,0.6737765537322465
x sin x,нормальный,4,0.0031622776601683794,0.8390178922766367,0.6698596430803104
x sin x,нормальный,4,0.01,0.8212133653614183,0.6610920265727906
x sin x,нормальный,4,0.03162277660168379,0.7733315251571742,0.6568580925944543
x sin x,нормальный,4,0.1,0.8670869880217946,0.7185253878360531
x sin x,нормальный,4,0.31622776601683794,1.3138535053875124,0.9389170584925086
x sin x,нормальный,4,1.0,1.7572605993282004,1.2833286079407564
x sin x,нормальный,4,3.1622776601683795,2.024686779226335,1.5654891899476029
x sin x,нормальный,4,10.0,2.212994583919109,1.801601424903748
x sin x,нормальный,4,31.622776601683793,2.3887750324794874,2.042897752563303
x sin x,нормальный,4,100.0,2.4950757359448095,2.198206509191414
x sin x,нормальный,5,0.0,0.6829655592376909,0.7133676893298204
x sin x,нормальный,5,1e-10,0.6829655966495694,0.7133676877866938
x sin x,нормальный,5,3.1622776601683795e-10,0.6829656775444566,0.7133676844500193
x sin x,нормальный,5,1e-09,0.6829659333564757,0.7133676738985428
x sin x,нормальный,5,3.1622776601683795e-09,0.682966742303606,0.7133676405318408
x sin x,нормальный,5,1e-08,0.6829693004051876,0.7133675350171975
x sin x,нормальный,5,3.162277660168379e-08,0.6829773896921548,0.7133672013517879
x sin x,нормальный,5,1e-07,0.6830029688601497,0.7133661462211298
x sin x,нормальный,5,3.162277660168379e-07,0.6830838432588665,0.7133628097250803
x sin x,нормальный,5,1e-06,0.6833394503013764,0.7133522599986494
x sin x,нормальный,5,3.162277660168379e-06,0.684146350202913,0.7133189108361079
x sin x,нормальный,5,1e-05,0.6866840522512232,0.7132135714357544
x sin x,нормальный,5,3.1622776601683795e-05,0.6945716654290643,0.7128816548021214
x sin x,нормальный,5,0.0001,0.7182071761120633,0.7118438962235004
x sin x,нормальный,5,0.00031622776601683794,0.7817893913781175,0.7086775457132553
x sin x,нормальный,5,0.001,0.9121647690043038,0.699723896794887
x sin x,нормальный,5,0.0031622776601683794,1.0741866506773028,0.6796296590773195
x sin x,нормальный,5,0.01,1.1738358673353424,0.6575287078004405
x sin x,нормальный,5,0.03162277660168379,1.1546842427613873,0.675290153192233
x sin x,нормальный,5,0.1,1.0374752323774499,0.7578136529695159
x sin x,нормальный,5,0.31622776601683794,1.1499096727221882,0.8981013771585246
x sin x,нормальный,5,1.0,1.6170719426516613,1.1532479161770275
x sin x,нормальный,5,3.1622776601683795,1.9919699574889556,1.497376697133087
x sin x,нормальный,5,10.0,2.2190371045040918,1.7953631590646935
x sin x,нормальный,5,31.622776601683793,2.3912066881327703,2.042446013740219
x sin x,нормальный,5,100.0,2.4951110318546905,2.1968542469608843
x sin x,нормальный,6,0.0,1.263568822133084,0.737285770059792
x sin x,нормальный,6,1e-10,1.2635686604854808,0.7372857689901653
x sin x,нормальный,6,3.1622776601683795e-10,1.2635683109592954,0.7372857666773304
x sin x,нормальный,6,1e-09,1.263567205663531,0.7372857593635092
x sin x,нормальный,6,3.1622776601683795e-09,1.2635637104529962,0.7372857362351696
x sin x,нормальный,6,1e-08,1.2635526580321172,0.737285663096917
x sin x,нормальный,6,3.162277660168379e-08,1.2635177112667701,0.7372854318132519
x sin x,нормальный,6,1e-07,1.2634072404585415,0.7372847004279687
x sin x,нормальный,6,3.162277660168379e-07,1.2630583062989829,0.7372823875639501
x sin x,нормальный,6,1e-06,1.2619589173019319,0.7372750734387872
x sin x,нормальный,6,3.162277660168379e-06,1.2585222707292867,0.737251942089028
x sin x,нормальный,6,1e-05,1.2480401613893137,0.7371787742156789
x sin x,нормальный,6,3.1622776601683795e-05,1.2183577358944269,0.7369472092236928
x sin x,нормальный,6,0.0001,1.1500599865694423,0.7362134613270184
x sin x,нормальный,6,0.00031622776601683794,1.054812481110407,0.7338894596367093
x sin x,нормальный,6,0.001,1.0174561364935932,0.726733801020087
x sin x,нормальный,6,0.0031622776601683794,1.0634225059163718,0.7082964074266764
x sin x,нормальный,6,0.01,1.0904910154886762,0.6824018969801189
x sin x,нормальный,6,0.03162277660168379,1.015879463890349,0.6809654340194033
x sin x,нормальный,6,0.1,0.8582976816461889,0.7217974684677183
x sin x,нормальный,6,0.31622776601683794,1.0696665256270614,0.8480219942719613
x sin x,нормальный,6,1.0,1.5889242854975805,1.1309534442730844
x sin x,нормальный,6,3.1622776601683795,1.9857755017402634,1.4904922640614213
x sin x,нормальный,6,10.0,2.222642591410199,1.7928904991198866
x sin x,нормальный,6,31.622776601683793,2.394164282584614,2.0419285793206656
x sin x,нормальный,6,100.0,2.496268695873078,2.1967787052750865
x sin x,нормальный,7,0.0,3.229140070608955,0.7801680042420936
x sin x,нормальный,7,1e-10,3.2291281713499274,0.7801680078562047
x sin x,нормальный,7,3.1622776601683795e-10,3.229102442282503,0.7801680156708969
x sin x,нормальный,7,1e-09,3.2290210836981004,0.7801680403829666
x sin x,нормальный,7,3.1622776601683795e-09,3.228763843979376,0.7801681185281827
x sin x,нормальный,7,1e-08,3.227950767666685,0.7801683656320876
x sin x,нормальный,7,3.162277660168379e-08,3.2253834590889894,0.7801691469155828
x sin x,нормальный,7,1e-07,3.217303362419931,0.7801716162725454
x sin x,нормальный,7,3.162277660168379e-07,3.1921301250620973,0.7801794122979064
x sin x,нормальный,7,1e-06,3.1161222567165194,0.7802039383893248
x sin x,нормальный,7,3.162277660168379e-06,2.906698652793866,0.7802802431825615
x sin x,нормальный,7,1e-05,2.449501671142177,0.7805095354929382
x sin x,нормальный,7,3.1622776601683795e-05,1.8081098071709636,0.7811292499921537
x sin x,нормальный,7,0.0001,1.278627538060079,0.7823549341707049
x sin x,нормальный,7,0.00031622776601683794,0.9792330909573458,0.7830800771464568
x sin x,нормальный,7,0.001,0.9022957549375512,0.7788004564019151
x sin x,нормальный,7,0.0031622776601683794,1.0292602316303987,0.7599184931934894
x sin x,нормальный,7,0.01,1.1993420204968601,0.715243069853671
x sin x,нормальный,7,0.03162277660168379,1.2257222572958035,0.6783381056444645
x sin x,нормальный,7,0.1,1.0757312329980375,0.7372645162214496
x sin x,нормальный,7,0.31622776601683794,1.0326940871895591,0.8752414859268964
x sin x,нормальный,7,1.0,1.5083079912222552,1.0954151142647803
x sin x,нормальный,7,3.1622776601683795,1.9520222704979733,1.4437310032985153
x sin x,нормальный,7,10.0,2.2215956182252214,1.7829200657734647
x sin x,нормальный,7,31.622776601683793,2.3956812229759663,2.0418650249784687
x sin x,нормальный,7,100.0,2.4965941120316133,2.19658061208509
x sin x,нормальный,8,0.0,3.575940428920672,0.8601417771992749
x sin x,нормальный,8,1e-10,3.5759188706812837,0.8601415286006504
x sin x,нормальный,8,3.1622776601683795e-10,3.575872261193304,0.8601409910679214
x sin x,нормальный,8,1e-09,3.5757249183481177,0.8601392912875222
x sin x,нормальный,8,3.1622776601683795e-09,3.5752594718503303,0.860133916605341
x sin x,нормальный,8,1e-08,3.5737924906909746,0.8601169253005444
x sin x,нормальный,8,3.162277660168379e-08,3.5692013229747914,0.8600632433728472
x sin x,нормальный,8,1e-07,3.5551298925725767,0.8598939776602258
x sin x,нормальный,8,3.162277660168379e-07,3.514310235510064,0.8593635801795851
x sin x,нормальный,8,1e-06,3.407810286179342,0.8577335571645649
x sin x,нормальный,8,3.162277660168379e-06,3.161712098388891,0.8530099848764743
x sin x,нормальный,8,1e-05,2.6795922197880215,0.8413808994486508
x sin x,нормальный,8,3.1622776601683795e-05,2.0361837122160376,0.8215974588392336
x sin x,нормальный,8,0.0001,1.5271202107399504,0.8029391293454619
x sin x,нормальный,8,0.00031622776601683794,1.2421030084278681,0.7927557735806043
x sin x,нормальный,8,0.001,1.119707756330591,0.784819019357723
x sin x,нормальный,8,0.0031622776601683794,1.1433305013668806,0.7670038611904224
x sin x,нормальный,8,0.01,1.2147763129890312,0.7267714441897226
x sin x,нормальный,8,0.03162277660168379,1.1787121539010186,0.689613374847804
x sin x,нормальный,8,0.1,0.9997494596355339,0.7327074923487605
x sin x,нормальный,8,0.31622776601683794,0.9832076038234593,0.8530658647657705
x sin x,нормальный,8,1.0,1.4880845000498624,1.079118234812005
x sin x,нормальный,8,3.1622776601683795,1.943764826679526,1.437528102247921
x sin x,нормальный,8,10.0,2.2222915796160723,1.7802816268384025
x sin x,нормальный,8,31.622776601683793,2.397336208988645,2.04105559562074
x sin x,нормальный,8,100.0,2.4973343823438,2.1963907890373067
x sin x,нормальный,9,0.0,35.82179238394765,1.0834114068508742
x sin x,нормальный,9,1e-10,35.798099942396775,1.083406568095295
x sin x,нормальный,9,3.1622776601683795e-10,35.746967855688986,1.0833961060075206
x sin x,нормальный,9,1e-09,35.58614688956529,1.0833630276311117
x sin x,нормальный,9,3.1622776601683795e-09,35.08615740267784,1.0832584811695367
x sin x,нормальный,9,1e-08,33.586052847497974,1.082928440554195
x sin x,нормальный,9,3.162277660168379e-08,29.526950202908147,1.0818903710019394
x sin x,нормальный,9,1e-07,21.046746856729072,1.0786627921539773
x sin x,нормальный,9,3.162277660168379e-07,10.129065865622557,1.0689767041624967
x sin x,нормальный,9,1e-06,2.464997610128277,1.0427401997030687
x sin x,нормальный,9,3.162277660168379e-06,1.963201415437068,0.987622291196157
x sin x,нормальный,9,1e-05,2.6351874329110982,0.9143213162097633
x sin x,нормальный,9,3.1622776601683795e-05,2.2529207277166505,0.8559078955932119
x sin x,нормальный,9,0.0001,1.5912917421705632,0.8263178890403857
x sin x,нормальный,9,0.00031622776601683794,1.1416626469793862,0.8226852792687296
x sin x,нормальный,9,0.001,0.9646488899036353,0.8308908356870894
x sin x,нормальный,9,0.0031622776601683794,1.0194574428726964,0.8257060101600235
x sin x,нормальный,9,0.01,1.1927431770898589,0.7819889612392052
x sin x,нормальный,9,0.03162277660168379,1.2605957910907644,0.7084623143330184
x sin x,нормальный,9,0.1,1.135531222802362,0.729298321346673
x sin x,нормальный,9,0.31622776601683794,0.9962489018290798,0.876462691970441
x sin x,нормальный,9,1.0,1.443386724412932,1.078385810713789
x sin x,нормальный,9,3.1622776601683795,1.9170576731501814,1.409327616816453
x sin x,нормальный,9,10.0,2.2187288486976593,1.7705173654163597
x sin x,нормальный,9,31.622776601683793,2.3979904578506144,2.040622556065757
x sin x,нормальный,9,100.0,2.4975838394683936,2.196410591652697
x sin x,нормальный,10,0.0,46.94922534529637,1.159546265082566
x sin x,нормальный,10,1e-10,46.790768223532936,1.1595260595896688
x sin x,нормальный,10,3.1622776601683795e-10,46.457488352855464,1.1594823965560481
x sin x,нормальный,10,1e-09,45.47988119244877,1.159344561881434
x sin x,нормальный,10,3.1622776601683795e-09,42.97119132338642,1.1589110760641022
x sin x,нормальный,10,1e-08,38.0330756626984,1.1575635918246954
x sin x,нормальный,10,3.162277660168379e-08,30.637407935402894,1.1535198895220733
x sin x,нормальный,10,1e-07,20.425531065891256,1.1425043065867804
x sin x,нормальный,10,3.162277660168379e-07,9.08040472249689,1.1181186200646105
x sin x,нормальный,10,1e-06,1.550758084096366,1.0763253114687812
x sin x,нормальный,10,3.162277660168379e-06,2.7711536109392503,1.0144779374371597
x sin x,нормальный,10,1e-05,3.0916323870640787,0.9432147621887225
x sin x,нормальный,10,3.1622776601683795e-05,2.511633341226903,0.8886310932705238
x sin x,нормальный,10,0.0001,1.7981636492791595,0.8545824547469396
x sin x,нормальный,10,0.00031622776601683794,1.3520224988843783,0.8390468503702574
x sin x,нормальный,10,0.001,1.1708689792686344,0.8377713036751618
x sin x,нормальный,10,0.0031622776601683794,1.1693487957321291,0.8276895511477734
x sin x,нормальный,10,0.01,1.251712105617663,0.7833451647625007
x sin x,нормальный,10,0.03162277660168379,1.2523794023736776,0.7130923442413621
x sin x,нормальный,10,0.1,1.1052291037369648,0.7304440442387782
x sin x,нормальный,10,0.31622776601683794,0.972707118780081,0.8667974606488837
x sin x,нормальный,10,1.0,1.4323075680603274,1.0681899944808604
x sin x,нормальный,10,3.1622776601683795,1.9096218294531866,1.404773803949323
x sin x,нормальный,10,10.0,2.218084227374316,1.7682627361702317
x sin x,нормальный,10,31.622776601683793,2.3988277050411515,2.039758673462291
x sin x,нормальный,10,100.0,2.498035189046815,2.1961704279670218
x sin x,нормальный,11,0.0,280.80588345877226,6.142058384491952
x sin x,нормальный,11,1e-10,268.16435261607467,6.1190342806331275
x sin x,нормальный,11,3.1622776601683795e-10,245.16173048806527,6.069766233621739
x sin x,нормальный,11,1e-09,196.80325482084226,5.918468615943844
x sin x,нормальный,11,3.1622776601683795e-09,133.29356197121544,5.480945603239242
x sin x,нормальный,11,1e-08,85.6377929433028,4.4088217219938555
x sin x,нормальный,11,3.162277660168379e-08,60.492269421849,2.6000834210071413
x sin x,нормальный,11,1e-07,44.62691297435988,1.0128872472113897
x sin x,нормальный,11,3.162277660168379e-07,27.747184976444835,0.8041178275611164
x sin x,нормальный,11,1e-06,11.577835990157485,0.9912413714077231
x sin x,нормальный,11,3.162277660168379e-06,2.396404948515304,1.0379461508771104
x sin x,нормальный,11,1e-05,2.055012328647704,0.9985054042020715
x sin x,нормальный,11,3.1622776601683795e-05,2.306664941092321,0.9255630721703495
x sin x,нормальный,11,0.0001,1.722209440802222,0.8702292016167105
x sin x,нормальный,11,0.00031622776601683794,1.2231812544119793,0.8514347591835656
x sin x,нормальный,11,0.001,1.0173068708302728,0.864687496874767
x sin x,нормальный,11,0.0031622776601683794,1.033002199510444,0.8774987041403071
x sin x,нормальный,11,0.01,1.1809127249893667,0.8425035497517123
x sin x,нормальный,11,0.03162277660168379,1.2679461420685771,0.74854590407072
x sin x,нормальный,11,0.1,1.1804589496553668,0.7260480881187328
x sin x,нормальный,11,0.31622776601683794,1.006125034427254,0.8795530412978245
x sin x,нормальный,11,1.0,1.4074989561882039,1.0783471030654659
x sin x,нормальный,11,3.1622776601683795,1.8897266740206404,1.3886684420353637
x sin x,нормальный,11,10.0,2.2138350783327843,1.7598029193132303
x sin x,нормальный,11,31.622776601683793,2.3989549955538236,2.0390689738494556
x sin x,нормальный,11,100.0,2.498191698663059,2.196218717973584
x sin x,нормальный,12,0.0,87.2985634672508,9.181512603719339
x sin x,нормальный,12,1e-10,84.41512904573402,9.058394792611853
x sin x,нормальный,12,3.1622776601683795e-10,144.13910380826897,8.813566802756124
x sin x,нормальный,12,1e-09,146.40118960139384,8.18427266523803
x sin x,нормальный,12,3.1622776601683795e-09,108.78826741912515,6.9371485807315745
x sin x,нормальный,12,1e-08,73.05146950900122,5.07972668383983
x sin x,нормальный,12,3.162277660168379e-08,52.84778437721782,2.822506273677955
x sin x,нормальный,12,1e-07,39.09420038465236,1.040867234015323
x sin x,нормальный,12,3.162277660168379e-07,23.62067244634993,0.8192800232878245
x sin x,нормальный,12,1e-06,8.817765748644131,1.0321912600586358
x sin x,нормальный,12,3.162277660168379e-06,1.581153976985218,1.072893143335163
x sin x,нормальный,12,1e-05,3.038834066661296,1.0250811093003847
x sin x,нормальный,12,3.1622776601683795e-05,2.7285297464839386,0.9512195933891712
x sin x,нормальный,12,0.0001,1.9450924821251352,0.8969400841085274
x sin x,нормальный,12,0.00031622776601683794,1.4063631528118854,0.8738364438034935
x sin x,нормальный,12,0.001,1.1940672373161596,0.8778385052258069
x sin x,нормальный,12,0.0031622776601683794,1.1768504797911603,0.8820683193630632
x sin x,нормальный,12,0.01,1.2522388365902137,0.8414986781904711
x sin x,нормальный,12,0.03162277660168379,1.2762029160841828,0.7477470025994063
x sin x,нормальный,12,0.1,1.1698979274876276,0.727251942012747
x sin x,нормальный,12,0.31622776601683794,1.0032132927122515,0.8752462605879838
x sin x,нормальный,12,1.0,1.4026750326278328,1.0721060347027864
x sin x,нормальный,12,3.1622776601683795,1.883822749985481,1.3855826869548493
x sin x,нормальный,12,10.0,2.212635616271894,1.7580362891563899
x sin x,нормальный,12,31.622776601683793,2.3992932686238584,2.038253805321541
x sin x,нормальный,12,100.0,2.498451558883709,2.195964555579488
x sin x,нормальный,13,0.0,2508.9681382998524,30.14884848635723
x sin x,нормальный,13,1e-10,311.2842086041725,25.268101944809185
x sin x,нормальный,13,3.1622776601683795e-10,312.79165796330426,20.162710328254253
x sin x,нормальный,13,1e-09,299.38122504093246,14.999117775394206
x sin x,нормальный,13,3.1622776601683795e-09,240.17878143005737,11.451459999823792
x sin x,нормальный,13,1e-08,158.9192723930827,9.054319743657738
x sin x,нормальный,13,3.162277660168379e-08,100.05382677836093,6.7484378451686835
x sin x,нормальный,13,1e-07,67.87420553487964,3.8940750561669994
x sin x,нормальный,13,3.162277660168379e-07,43.91810553430092,1.443130419575494
x sin x,нормальный,13,1e-06,21.111484008328137,0.7660411794819998
x sin x,нормальный,13,3.162277660168379e-06,6.108485818960472,0.9716228042668565
x sin x,нормальный,13,1e-05,1.508275242102018,1.0234996241511236
x sin x,нормальный,13,3.1622776601683795e-05,2.2157770768699843,0.9716926487113944
x sin x,нормальный,13,0.0001,1.7592533191315503,0.9054764358410713
x sin x,нормальный,13,0.00031622776601683794,1.2662408041227953,0.8752919217221927
x sin x,нормальный,13,0.001,1.0618452296404925,0.8880117227214599
x sin x,нормальный,13,0.0031622776601683794,1.0573903206851365,0.9166330740644082
x sin x,нормальный,13,0.01,1.172620844139443,0.8951476289615157
x sin x,нормальный,13,0.03162277660168379,1.2622469784505292,0.789862365084237
x sin x,нормальный,13,0.1,1.210579868962129,0.7275158230898481
x sin x,нормальный,13,0.31622776601683794,1.0387586788833085,0.880593809196239
x sin x,нормальный,13,1.0,1.3888634852999373,1.084475263239749
x sin x,нормальный,13,3.1622776601683795,1.869252043648287,1.3768998146316116
x sin x,нормальный,13,10.0,2.2084183593983155,1.7510086503844584
x sin x,нормальный,13,31.622776601683793,2.399116211015778,2.0374392986813294
x sin x,нормальный,13,100.0,2.4985373887339017,2.195999284073491
x sin x,нормальный,14,0.0,1931.814479797662,48.0500796346983
x sin x,нормальный,14,1e-10,66.26687652937501,5.817814332833972
x sin x,нормальный,14,3.1622776601683795e-10,136.92827241343738,12.68545455211053
x sin x,нормальный,14,1e-09,199.52512040529479,12.73084673395238
x sin x,нормальный,14,3.1622776601683795e-09,188.25868518626902,11.213584656710287
x sin x,нормальный,14,1e-08,131.90767933316016,9.353237613355622
x sin x,нормальный,14,3.162277660168379e-08,84.16702409993007,6.875315645437095
x sin x,нормальный,14,1e-07,56.66890810276699,3.8343680358962904
x sin x,нормальный,14,3.162277660168379e-07,35.92788911450948,1.3436553907568731
x sin x,нормальный,14,1e-06,16.171573840603052,0.7975060513941027
x sin x,нормальный,14,3.162277660168379e-06,3.7890174042578857,1.0324090216158175
x sin x,нормальный,14,1e-05,2.9174976709391713,1.062668570249157
x sin x,нормальный,14,3.1622776601683795e-05,2.8377368456198795,0.9985346041253591
x sin x,нормальный,14,0.0001,2.023313675555761,0.9303875056197498
x sin x,нормальный,14,0.00031622776601683794,1.4379451619758878,0.900035679078234
x sin x,нормальный,14,0.001,1.2130066471366512,0.907715111867189
x sin x,нормальный,14,0.0031622776601683794,1.1838312028826719,0.9268220299696106
x sin x,нормальный,14,0.01,1.2422028909664797,0.8960667831705514
x sin x,нормальный,14,0.03162277660168379,1.2763147300939903,0.7867363737601619
x sin x,нормальный,14,0.1,1.2084622994270606,0.727492701008082
x sin x,нормальный,14,0.31622776601683794,1.046679063963609,0.8787245746027742
x sin x,нормальный,14,1.0,1.3876515289058193,1.08058587197141
x sin x,нормальный,14,3.1622776601683795,1.8648260241461945,1.3748833462837462
x sin x,нормальный,14,10.0,2.20704986164575,1.7496807940384083
x sin x,нормальный,14,31.622776601683793,2.3991545869548085,2.0367086272105603
x sin x,нормальный,14,100.0,2.498672006379114,2.195749328370598
x sin x,нормальный,15,0.0,9055.004015089184,5.125690870384183
x sin x,нормальный,15,1e-10,466.4282618241432,26.068506199311177
x sin x,нормальный,15,3.1622776601683795e-10,365.38358319737756,30.839086771238065
x sin x,нормальный,15,1e-09,359.52851642579105,27.081045336874066
x sin x,нормальный,15,3.1622776601683795e-09,316.6469998957591,20.264652229195345
x sin x,нормальный,15,1e-08,224.40365833127188,15.021446017976283
x sin x,нормальный,15,3.162277660168379e-08,138.0777298847871,11.286407349829235
x sin x,нормальный,15,1e-07,87.35189608600133,7.557480342620607
x sin x,нормальный,15,3.162277660168379e-07,55.60225857646428,3.6394273271525717
x sin x,нормальный,15,1e-06,28.31101693953331,1.1181719219226944
x sin x,нормальный,15,3.162277660168379e-06,9.30314111647785,0.8341201398580549
x sin x,нормальный,15,1e-05,2.1142984715440276,1.0028658714732295
x sin x,нормальный,15,3.1622776601683795e-05,2.1974898891215155,0.995382506857467
x sin x,нормальный,15,0.0001,1.7848718159182604,0.9305801338391181
x sin x,нормальный,15,0.00031622776601683794,1.3053854289425586,0.8944950679199912
x sin x,нормальный,15,0.001,1.1098618483872578,0.9068073034506318
x sin x,нормальный,15,0.0031622776601683794,1.0905256990082115,0.9468493416097035
x sin x,нормальный,15,0.01,1.1701875169955787,0.9401508079393561
x sin x,нормальный,15,0.03162277660168379,1.2514829287027704,0.8291207747007222
x sin x,нормальный,15,0.1,1.230230029226219,0.7325486954741437
x sin x,нормальный,15,0.31622776601683794,1.0766324647127563,0.8798591020844415
x sin x,нормальный,15,1.0,1.3801259302887103,1.0922681170653668
x sin x,нормальный,15,3.1622776601683795,1.8542074695233262,1.3706902455363823
x sin x,нормальный,15,10.0,2.203142673844277,1.7439287262048024
x sin x,нормальный,15,31.622776601683793,2.398807829565267,2.035852621529683
x sin x,нормальный,15,100.0,2.498708584681741,2.195763632577277
